Series Name,Series Code,Country Name,Country Code,1985 [YR1985],1986 [YR1986],1987 [YR1987],1988 [YR1988],1989 [YR1989],1990 [YR1990],1991 [YR1991],1992 [YR1992],1993 [YR1993],1994 [YR1994],1995 [YR1995],1996 [YR1996],1997 [YR1997],1998 [YR1998],1999 [YR1999],2000 [YR2000],2001 [YR2001],2002 [YR2002],2003 [YR2003],2004 [YR2004],2005 [YR2005],2006 [YR2006],2007 [YR2007],2008 [YR2008],2009 [YR2009],2010 [YR2010],2011 [YR2011],2012 [YR2012],2013 [YR2013],2014 [YR2014],2015 [YR2015],2016 [YR2016],2017 [YR2017],2018 [YR2018],2019 [YR2019],2020 [YR2020],2021 [YR2021]
"Death rate, crude (per 1,000 people)",SP.DYN.CDRT.IN,Afghanistan,AFG,29.661,23.705,23.285,19.945,19.047,18.449,17.946,17.222,14.838,14.689,14.092,13.627,13.334,13.565,12.463,12.096,11.713,11.28,10.698,10.277,9.941,9.679,9.359,8.832,8.535,8.254,7.931,7.711,7.478,7.395,7.331,7.077,7.027,6.981,6.791,7.113,..
"Death rate, crude (per 1,000 people)",SP.DYN.CDRT.IN,Albania,ALB,5.794,5.73,5.627,5.578,5.554,5.526,5.515,5.466,5.48,5.52,5.549,5.571,5.923,5.664,5.732,5.798,5.872,5.953,6.057,6.181,6.306,6.477,6.318,6.57,6.81,7.029,7.238,7.573,7.819,7.868,7.947,8.035,8.15,8.308,8.48,10.785,..
"Death rate, crude (per 1,000 people)",SP.DYN.CDRT.IN,Algeria,DZA,7.579,6.818,6.447,5.972,5.884,5.731,5.629,5.617,5.629,5.758,5.69,5.188,5.201,5.288,5.131,5.037,4.987,4.932,5.016,4.95,4.943,4.947,4.945,4.91,4.735,4.754,4.713,4.767,4.673,4.555,4.437,4.472,4.542,4.482,4.392,5.398,..
"Death rate, crude (per 1,000 people)",SP.DYN.CDRT.IN,American Samoa,ASM,..,..,..,..,..,..,..,..,..,..,..,..,..,..,..,..,..,..,..,..,..,4,..,..,..,..,..,..,..,4.2,..,..,5.1,..,..,5.6,..
"Death rate, crude (per 1,000 people)",SP.DYN.CDRT.IN,Andorra,AND,..,..,..,..,..,..,..,..,..,..,..,..,..,..,..,..,..,..,..,3.8,3.6,3.3,2.8,2.8,3.2,2.8,..,3.9,..,..,..,4.3,..,4.4,3.9,..,..
"Death rate, crude (per 1,000 people)",SP.DYN.CDRT.IN,Angola,AGO,21.576,21.429,22.934,22.387,22.161,21.993,20.475,21.634,21.41,20.352,18.826,18.635,18.367,19.106,18.701,18.287,17.789,17.275,15.804,15.151,14.497,13.943,13.133,12.478,11.788,11.177,10.63,10.031,9.607,9.181,8.826,8.555,8.242,7.99,7.811,7.821,..
"Death rate, crude (per 1,000 people)",SP.DYN.CDRT.IN,Antigua and Barbuda,ATG,7.052,7.196,7.327,7.461,7.608,7.666,7.753,7.745,7.666,7.533,7.416,7.257,7.104,6.96,6.734,6.587,6.305,6.072,6.142,6.075,6.015,6.077,5.914,5.813,5.727,5.7,5.624,5.585,5.565,5.544,5.649,5.662,5.746,5.787,5.865,5.961,..
"Death rate, crude (per 1,000 people)",SP.DYN.CDRT.IN,Argentina,ARG,8.547,8.34,8.157,7.96,7.841,7.743,7.536,7.595,7.631,7.403,7.535,7.541,7.778,7.651,7.615,7.6,7.549,7.518,7.864,7.48,7.423,7.369,7.748,7.467,7.41,7.661,7.51,7.394,7.494,7.447,7.543,7.947,7.692,7.68,7.6,8.509,..
"Death rate, crude (per 1,000 people)",SP.DYN.CDRT.IN,Armenia,ARM,7.592,7.566,7.743,14.853,7.556,7.524,7.664,7.67,7.803,7.869,7.969,7.837,7.994,7.808,8.261,8.27,8.344,8.593,8.573,8.919,8.914,9.063,9.117,9.387,9.356,9.384,9.559,9.761,9.813,9.704,9.607,9.634,9.664,9.75,9.662,12.792,..
"Death rate, crude (per 1,000 people)",SP.DYN.CDRT.IN,Aruba,ABW,6.498,6.69,6.78,6.902,7.129,7.1,6.869,6.418,6.411,6.388,6.366,6.338,6.359,6.339,6.313,6.335,6.348,6.42,6.549,6.808,6.839,6.887,6.958,7.179,7.094,6.745,6.945,7.187,7.403,7.729,7.968,8.336,8.414,8.597,8.778,9.69,..
"Death rate, crude (per 1,000 people)",SP.DYN.CDRT.IN,Australia,AUS,6.6,7.3,7.5,7.2,7.3,7,6.9,7.1,6.9,7.1,6.9,7,7,6.8,6.8,6.7,6.6,6.8,6.6,6.5,6.4,6.4,6.7,6.7,6.5,6.5,6.6,6.6,6.4,6.6,6.6,6.6,6.5,6.3,6.7,6.3,..
"Death rate, crude (per 1,000 people)",SP.DYN.CDRT.IN,Austria,AUT,11.8,11.5,11.2,11,10.9,10.8,10.8,10.6,10.4,10.2,10.2,10.2,10,9.8,9.8,9.6,9.3,9.4,9.5,9.1,9.1,9,9,9,9.3,9.2,9.1,9.4,9.4,9.2,9.6,9.2,9.5,9.5,9.4,10.3,..
"Death rate, crude (per 1,000 people)",SP.DYN.CDRT.IN,Azerbaijan,AZE,6.8,6.7,6.7,6.8,6.4,6.1,6.3,7.1,7.2,7.3,6.7,6.2,6,5.9,5.8,5.8,5.6,5.7,6,6,6.2,6.2,6.3,6,5.9,5.9,5.9,5.9,5.8,5.8,5.7,5.8,5.8,5.8,5.6,7.5,..
"Death rate, crude (per 1,000 people)",SP.DYN.CDRT.IN,"Bahamas, The",BHS,5.996,6.036,6.225,6.14,6.027,5.855,6.135,5.799,5.861,5.814,5.91,5.985,5.908,5.81,5.74,5.706,5.757,5.785,5.791,5.835,5.818,5.853,6.024,6.128,6.257,6.269,6.454,6.491,6.49,6.483,6.724,6.717,6.84,6.935,7.943,8.076,..
"Death rate, crude (per 1,000 people)",SP.DYN.CDRT.IN,Bahrain,BHR,3.415,3.369,3.331,3.298,3.24,3.206,3.156,3.103,2.989,2.956,2.896,2.766,2.75,2.76,2.703,2.595,2.516,2.509,2.483,2.429,2.308,2.235,2.108,2.002,1.925,1.883,1.927,1.935,1.933,2.028,2.109,2.071,2.039,1.992,2,2.239,..
"Death rate, crude (per 1,000 people)",SP.DYN.CDRT.IN,Bangladesh,BGD,13.705,13.217,12.77,12.542,12.372,11.725,12.565,10.574,10.343,9.962,9.496,9.478,8.563,7.511,6.662,6.855,6.75,6.597,6.549,6.44,6.425,6.494,6.793,6.701,6.612,6.106,6.112,5.868,5.975,5.891,5.776,5.632,5.442,5.241,5.28,5.816,..
"Death rate, crude (per 1,000 people)",SP.DYN.CDRT.IN,Barbados,BRB,9.042,9.109,9.236,9.447,9.467,9.701,9.762,9.822,9.638,9.729,9.863,9.735,9.781,9.705,9.509,9.47,9.338,9.296,9.329,9.258,9.218,9.082,8.985,9.026,8.937,9.037,8.952,8.879,8.851,8.797,8.772,8.792,8.85,8.927,8.91,8.973,..
"Death rate, crude (per 1,000 people)",SP.DYN.CDRT.IN,Belarus,BLR,10.6,9.7,9.9,10.1,10.2,10.8,11.2,11.4,12.6,12.7,13.1,13.1,13.5,13.6,14.2,13.5,14.1,14.8,14.5,14.3,14.5,14.2,13.7,13.8,14.1,14.5,14.3,13.4,13.2,12.8,12.6,12.6,12.6,12.7,12.8,13,..
"Death rate, crude (per 1,000 people)",SP.DYN.CDRT.IN,Belgium,BEL,11.3,11.3,10.7,10.6,10.8,10.4,10.4,10.4,10.6,10.3,10.3,10.3,10.2,10.3,10.3,10.2,10.1,10.2,10.3,9.7,9.9,9.6,9.5,9.8,9.6,9.7,9.4,9.8,9.8,9.3,9.8,9.5,9.6,9.7,9.5,11,..
"Death rate, crude (per 1,000 people)",SP.DYN.CDRT.IN,Belize,BLZ,6.177,6.04,5.821,5.594,5.59,5.555,5.673,5.718,5.599,5.362,5.448,5.42,5.631,5.863,5.781,5.858,5.936,5.755,5.678,5.552,5.51,5.245,5.067,4.935,4.752,4.66,4.591,4.457,4.388,4.584,4.7,4.695,4.712,4.74,4.727,5.244,..
"Death rate, crude (per 1,000 people)",SP.DYN.CDRT.IN,Benin,BEN,16.963,16.451,16.01,15.543,15.2,14.75,14.461,14.088,13.748,13.473,13.192,12.927,12.596,12.36,12.103,11.964,11.825,11.77,11.649,11.546,11.337,11.128,10.961,10.798,10.7,10.461,10.372,10.224,10.085,9.996,9.857,9.761,9.592,9.428,9.248,9.364,..
"Death rate, crude (per 1,000 people)",SP.DYN.CDRT.IN,Bermuda,BMU,..,..,..,..,7.7,7.3,7.7,7.9,8.2,8.1,7.9,6.9,..,..,..,8,7.2,6.7,7.2,6.8,7.1,7.1,7,6.8,7.2,7.4,6.8,6.8,7.6,7.8,7.7,7.7,7.5,8.3,8.4,8.8,..
"Death rate, crude (per 1,000 people)",SP.DYN.CDRT.IN,Bhutan,BTN,13.951,13.431,12.921,12.426,11.97,11.543,11.145,10.699,10.312,10.024,9.555,9.189,8.858,8.529,8.221,8.368,7.827,7.669,7.542,7.498,7.473,7.353,7.166,7.009,6.922,6.808,6.737,6.689,6.683,6.705,6.759,6.837,6.94,6.766,6.626,6.545,..
"Death rate, crude (per 1,000 people)",SP.DYN.CDRT.IN,Bolivia,BOL,13.784,13.461,13.107,12.699,12.319,11.925,11.518,11.191,10.736,10.689,10.625,10.525,10.329,10.156,9.992,9.826,9.636,9.287,9.038,8.787,8.554,8.345,8.204,7.995,7.788,7.66,7.496,7.433,7.306,7.262,7.216,7.104,7.107,7.124,7.127,9.3,..
"Death rate, crude (per 1,000 people)",SP.DYN.CDRT.IN,Bosnia and Herzegovina,BIH,7.61,7.473,7.363,7.463,7.596,7.378,7.769,19.114,19.58,10.635,9.709,8.425,8.314,8.33,7.683,8.358,8.187,8.859,8.187,8.258,9.242,8.901,9.383,9.103,9.29,9.499,9.851,9.888,11.055,12.276,12.011,11.613,11.842,12.056,12.266,14.094,..
"Death rate, crude (per 1,000 people)",SP.DYN.CDRT.IN,Botswana,BWA,7.468,7.366,7.345,7.6,7.652,7.986,8.423,8.933,9.282,10.025,10.596,10.988,11.508,12.081,12.633,13.128,13.424,13.533,13.409,13.073,12.568,11.883,10.935,10.253,9.719,8.93,8.738,8.671,8.157,7.927,7.435,6.783,6.308,6.922,6.974,6.95,..
"Death rate, crude (per 1,000 people)",SP.DYN.CDRT.IN,Brazil,BRA,7.796,7.615,7.447,7.31,7.165,7.158,7.068,6.951,6.855,6.74,6.685,6.564,6.488,6.429,6.386,6.399,6.303,6.329,6.313,6.258,6.106,6.123,6.119,6.106,6.155,6.199,6.283,6.34,6.31,6.272,6.433,6.538,6.493,6.516,6.572,7.42,..
"Death rate, crude (per 1,000 people)",SP.DYN.CDRT.IN,British Virgin Islands,VGB,5.09,4.935,4.997,4.927,4.854,4.952,5.406,5.169,4.928,5.01,4.792,4.666,4.779,4.558,4.778,4.953,4.971,4.925,4.957,4.964,4.88,4.946,5.018,5.175,5.269,5.377,5.391,5.443,5.481,5.553,5.62,5.718,6.143,5.988,6.156,6.38,..
"Death rate, crude (per 1,000 people)",SP.DYN.CDRT.IN,Brunei Darussalam,BRN,4.168,4.089,4.041,3.981,3.926,3.87,3.817,3.756,3.677,3.603,3.532,3.466,3.415,3.375,3.346,3.331,3.326,3.339,3.36,3.396,3.438,3.491,3.551,3.615,3.684,3.751,3.813,3.926,4.043,4.162,4.29,4.42,4.556,4.7,4.834,4.975,..
"Death rate, crude (per 1,000 people)",SP.DYN.CDRT.IN,Bulgaria,BGR,12,11.6,12,12,12,12.5,12.8,12.6,12.9,13.2,13.6,14,14.7,14.3,13.6,14.1,14,14.4,14.4,14.3,14.8,14.9,15,14.8,14.5,14.9,14.7,15,14.4,15.1,15.3,15.1,15.5,15.4,15.5,18,..
"Death rate, crude (per 1,000 people)",SP.DYN.CDRT.IN,Burkina Faso,BFA,17.943,17.809,17.668,17.496,17.346,17.079,16.985,16.918,16.967,16.823,16.651,16.461,16.498,16.029,15.719,15.314,15.071,14.837,14.435,13.976,13.499,13.065,12.633,12.022,11.609,11.253,10.838,10.507,10.309,9.96,9.634,9.313,9.113,8.809,8.75,8.813,..
"Death rate, crude (per 1,000 people)",SP.DYN.CDRT.IN,Burundi,BDI,17.172,17.269,17.569,20.561,18.639,19.067,19.393,19.519,24.9,18.937,18.823,18.599,17.626,16.646,15.965,15.907,15.316,14.501,13.984,13.369,12.841,12.366,11.871,11.316,10.92,10.538,10.094,9.625,9.178,8.798,8.553,8.18,7.772,7.648,7.352,7.562,..
"Death rate, crude (per 1,000 people)",SP.DYN.CDRT.IN,Cabo Verde,CPV,9.919,9.597,9.229,8.868,8.642,8.315,8.137,7.977,7.887,7.807,8.178,7.347,6.97,6.624,6.321,5.844,5.446,5.291,5.19,5.175,5.151,5.601,5.636,6.15,6.205,6.409,5.938,5.808,5.472,5.401,5.695,5.198,4.868,5.275,5.162,5.692,..
"Death rate, crude (per 1,000 people)",SP.DYN.CDRT.IN,Cambodia,KHM,15.257,14.902,13.742,13.168,12.727,12.246,11.986,11.75,11.528,11.38,11.064,10.847,10.467,10.151,9.749,9.273,8.667,8.149,7.641,7.273,7.042,6.809,6.63,6.418,6.127,6.121,5.947,5.863,5.817,5.756,5.81,5.779,5.775,5.874,5.947,6.228,..
"Death rate, crude (per 1,000 people)",SP.DYN.CDRT.IN,Cameroon,CMR,14.038,13.867,13.408,13.204,13.11,13.09,13.153,13.199,13.356,13.561,13.64,13.756,13.713,13.723,13.614,13.426,13.237,13.036,12.758,12.565,12.408,12.104,11.886,11.583,11.3,10.992,10.641,10.235,9.833,9.548,9.179,8.886,8.594,8.379,8.16,8.419,..
"Death rate, crude (per 1,000 people)",SP.DYN.CDRT.IN,Canada,CAN,7,7.2,7.2,7.3,7.3,7.3,7,6.9,7.1,7.1,7.2,7.2,7.2,7.2,7.2,7.1,7.1,7.1,7.1,7.1,7.1,7,7.1,7.2,7.1,7,7.1,7.1,7.2,7.3,7.4,7.4,7.5,7.7,7.6,8.1,..
"Death rate, crude (per 1,000 people)",SP.DYN.CDRT.IN,Cayman Islands,CYM,5.6,6,4.6,4.6,4.5,4.1,4.1,4,4,4,3.4,3.6,3.4,3.1,3.3,3.4,3.2,2.8,3.5,4.6,3.8,3.4,3,3,3.1,3,3.2,3.3,3.2,2.9,2.9,3.1,3.4,3.3,3.8,3.3,..
"Death rate, crude (per 1,000 people)",SP.DYN.CDRT.IN,Central African Republic,CAF,16.19,16.126,16.09,16.07,16.071,16.088,16.132,16.206,16.273,16.4,16.577,16.795,16.99,17.068,17.159,17.325,17.245,17.168,16.889,16.658,16.367,16.08,15.696,15.313,14.907,14.534,14.092,13.622,13.392,13.517,12.15,11.711,11.544,11.23,10.873,11.041,..
"Death rate, crude (per 1,000 people)",SP.DYN.CDRT.IN,Chad,TCD,20.723,20.423,21.846,20.154,20.086,20.737,20.029,19.852,19.718,19.537,19.195,18.909,18.692,18.548,18.305,18.088,17.695,17.441,17.118,16.982,16.827,16.707,16.301,16.007,15.765,15.421,15.056,14.634,14.373,14.022,13.693,13.291,13.043,12.671,12.369,12.486,..
"Death rate, crude (per 1,000 people)",SP.DYN.CDRT.IN,Channel Islands,CHI,10.9404271262645,10.770874132099,10.0686901896319,9.85010706638116,9.84715718102681,9.90746865242779,10.448088049337,9.25984606826232,10.5488049138737,9.55315654261368,9.77840753652874,9.65024003135103,9.50198190165031,9.01456893024804,9.02555745074614,8.93287269624104,8.88088521267563,9.20043216210156,8.72988587106734,8.39251561476013,8.30442482571984,8.11922229167352,7.89035731767009,7.87829745913578,8.21982905324266,8.23918487507408,7.92046585011944,8.30911417782009,8.26063556829418,8.06652083126181,8.47771132622233,8.6122122391141,8.81275913204007,8.71701971194375,8.54731125671448,8.47393243061603,..
"Death rate, crude (per 1,000 people)",SP.DYN.CDRT.IN,Chile,CHL,5.732,5.54,5.327,5.459,5.538,5.625,5.313,5.201,5.316,5.217,5.352,5.337,5.138,5.258,5.246,4.959,5.157,5.035,5.247,5.293,5.301,5.352,5.754,5.557,5.612,5.962,5.805,6.074,6.037,6.12,6.121,6.107,6.139,6.327,6.346,7.221,..
"Death rate, crude (per 1,000 people)",SP.DYN.CDRT.IN,China,CHN,6.78,6.86,6.72,6.64,6.54,6.67,6.7,6.64,6.64,6.49,6.57,6.56,6.51,6.5,6.46,6.45,6.43,6.41,6.4,6.42,6.51,6.81,6.93,7.06,7.08,7.11,7.14,7.13,7.13,7.12,7.07,7.04,7.06,7.08,7.09,7.07,..
"Death rate, crude (per 1,000 people)",SP.DYN.CDRT.IN,Colombia,COL,6.532,5.788,5.829,5.83,5.826,5.834,5.818,5.78,5.71,5.653,5.58,5.536,5.476,5.442,5.432,5.351,5.35,5.26,5.179,5.134,5.072,5.016,4.993,4.947,4.912,4.924,4.945,4.982,5.041,5.106,5.168,5.213,5.249,5.311,5.411,6.606,..
"Death rate, crude (per 1,000 people)",SP.DYN.CDRT.IN,Comoros,COM,14.736,14.32,14.016,13.562,13.265,12.806,12.498,12.134,11.734,11.41,11.159,10.927,10.819,10.767,10.513,10.51,10.292,10.317,10.174,10.009,9.997,9.899,9.819,9.677,9.553,9.457,9.313,9.175,8.999,8.865,8.685,8.516,8.326,8.235,8.203,8.274,..
"Death rate, crude (per 1,000 people)",SP.DYN.CDRT.IN,"Congo, Dem. Rep.",COD,18.164,17.994,17.727,17.429,17.142,16.833,16.591,16.391,16.177,15.967,15.689,16.403,15.676,15.876,15.636,14.637,14.384,14.186,13.854,13.465,13.136,12.777,12.529,12.275,11.98,11.653,11.301,11.166,10.857,10.551,10.396,10.077,9.865,9.573,9.38,9.537,..
"Death rate, crude (per 1,000 people)",SP.DYN.CDRT.IN,"Congo, Rep.",COG,10.59,10.531,10.545,10.698,10.895,11.146,11.459,11.741,12.006,12.225,12.287,12.387,16.201,13.847,12.746,12.204,11.84,11.463,10.973,10.416,9.831,9.439,9.059,8.689,8.377,8.123,7.942,7.753,7.532,7.358,7.196,7.02,6.924,6.797,7.388,6.923,..
"Death rate, crude (per 1,000 people)",SP.DYN.CDRT.IN,Costa Rica,CRI,4.014,3.935,3.902,3.83,3.826,3.758,3.823,3.865,3.894,3.961,4.057,4.019,3.985,4.114,4.088,3.995,4.089,3.999,4.055,4.047,4.078,4.176,4.304,4.421,4.433,4.552,4.379,4.541,4.62,5.059,5.034,4.986,5.18,5.276,5.468,5.627,..
"Death rate, crude (per 1,000 people)",SP.DYN.CDRT.IN,Cote d'Ivoire,CIV,13.957,13.753,13.579,13.547,13.698,13.882,14.03,14.107,14.173,14.21,14.249,14.254,14.255,14.379,14.365,14.291,14.148,13.933,13.795,13.465,13.117,12.753,12.364,11.952,11.529,11.187,10.927,10.517,10.144,9.847,9.543,9.374,9.17,8.961,8.728,8.817,..
"Death rate, crude (per 1,000 people)",SP.DYN.CDRT.IN,Croatia,HRV,11.1,11,11.2,11.1,11,10.9,11.7,11.3,11.1,10.6,10.9,11.1,11.5,11.5,11.5,11.2,11.2,11.4,11.8,11.2,11.656,11.341,11.798,11.8,11.8,11.8,11.9,12.1,11.8,12,12.9,12.3,13,12.9,12.7,14.1,..
"Death rate, crude (per 1,000 people)",SP.DYN.CDRT.IN,Cuba,CUB,6.43,6.484,6.557,6.638,6.732,6.841,6.962,7.085,7.195,7.264,7.32,7.314,7.281,7.238,7.22,7.244,7.318,7.436,7.567,7.695,7.806,7.907,8.001,8.096,8.191,8.297,8.421,8.571,8.672,8.833,9.063,9.348,9.622,9.815,9.861,10.23,..
"Death rate, crude (per 1,000 people)",SP.DYN.CDRT.IN,Curacao,CUW,..,..,..,..,..,..,..,..,..,..,..,..,..,..,..,..,..,..,..,..,..,8,7.9,8.6,7.9,8.4,8.5,8.2,8.1,8.8,8.8,9.3,8.9,8.8,8.8,9,..
"Death rate, crude (per 1,000 people)",SP.DYN.CDRT.IN,Cyprus,CYP,8.969,9.069,8.797,8.866,8.714,8.835,8.881,8.715,8.508,8.425,8.078,7.805,7.624,7.463,7.509,7.458,7.316,7.113,6.952,6.916,6.889,6.796,6.598,6.599,6.443,6.412,6.354,6.439,6.399,6.317,6.358,6.462,6.453,6.612,6.769,6.93,..
"Death rate, crude (per 1,000 people)",SP.DYN.CDRT.IN,Czechia,CZE,12.7,12.8,12.3,12.1,12.3,12.5,12.1,11.7,11.4,11.4,11.4,10.9,10.9,10.6,10.7,10.6,10.5,10.6,10.9,10.5,10.6,10.2,10.2,10.1,10.3,10.2,10.2,10.3,10.4,10,10.5,10.2,10.5,10.6,10.5,12.1,..
"Death rate, crude (per 1,000 people)",SP.DYN.CDRT.IN,Denmark,DNK,11.4,11.3,11.3,11.5,11.6,11.9,11.6,11.8,12.1,11.7,12.1,11.6,11.3,11,11.1,10.9,10.9,10.9,10.7,10.3,10.1,10.2,10.2,9.9,9.9,9.8,9.4,9.4,9.3,9.1,9.2,9.2,9.2,9.5,9.3,9.4,..
"Death rate, crude (per 1,000 people)",SP.DYN.CDRT.IN,Djibouti,DJI,12.632,12.368,12.178,11.944,11.855,11.711,11.816,12.113,11.483,11.613,11.141,11.152,11.208,11.041,10.899,10.831,10.676,10.52,10.328,10.258,9.988,9.796,9.643,9.487,9.361,9.11,9.07,8.924,8.807,8.672,8.598,8.568,8.37,8.347,8.421,8.821,..
"Death rate, crude (per 1,000 people)",SP.DYN.CDRT.IN,Dominica,DMA,..,..,6.3,..,..,8.6,..,5.7,..,7.2,..,7.7,6.2,7.8,..,..,..,7.2,..,..,..,7.5,..,..,..,8.6,..,..,..,8.2,..,9.6,..,..,..,..,..
"Death rate, crude (per 1,000 people)",SP.DYN.CDRT.IN,Dominican Republic,DOM,7.227,6.941,6.678,6.452,6.258,6.078,5.92,5.79,5.694,5.624,5.695,5.784,5.878,6.025,6.092,6.169,6.201,6.202,6.091,6.089,5.933,5.873,5.859,5.831,5.831,5.821,5.84,5.802,5.803,5.827,5.883,5.964,6.032,6.06,6.006,6.46,..
"Death rate, crude (per 1,000 people)",SP.DYN.CDRT.IN,Ecuador,ECU,6.979,6.655,6.345,6.073,5.851,5.678,5.627,5.498,5.468,5.375,5.33,5.275,5.222,5.157,5.074,5.007,4.935,4.875,4.821,4.788,4.78,4.794,4.817,4.847,4.856,4.852,4.826,4.793,4.762,4.752,4.773,4.86,4.872,4.911,4.913,7.534,..
"Death rate, crude (per 1,000 people)",SP.DYN.CDRT.IN,"Egypt, Arab Rep.",EGY,10.397,9.944,9.428,8.935,8.536,8.194,7.834,7.684,7.453,7.264,7.025,6.836,6.653,6.57,6.48,6.384,6.285,6.202,6.318,6.248,6.206,6.151,6.128,6.08,6.05,6.018,5.956,5.91,5.964,5.823,5.823,5.662,5.482,5.511,5.581,5.851,..
"Death rate, crude (per 1,000 people)",SP.DYN.CDRT.IN,El Salvador,SLV,10.464,10.059,9.151,8.35,9.062,7.812,7.257,6.929,6.702,6.556,6.478,6.314,6.14,6.087,5.904,5.876,6.119,6.046,6.268,6.408,6.599,6.705,6.814,6.74,6.75,6.758,6.892,7.038,7.149,7.168,7.07,6.925,6.857,6.938,7.451,8.442,..
"Death rate, crude (per 1,000 people)",SP.DYN.CDRT.IN,Equatorial Guinea,GNQ,17.133,16.949,16.808,16.633,16.458,16.246,16.072,15.873,15.648,15.478,15.248,15.044,14.731,14.432,14.108,13.738,13.363,12.989,12.636,12.356,12.141,11.887,11.706,11.508,11.391,11.214,10.979,10.557,10.26,9.965,9.616,9.345,9.096,8.85,8.582,9.026,..
"Death rate, crude (per 1,000 people)",SP.DYN.CDRT.IN,Eritrea,ERI,17.794,17.161,16.916,16.435,16.507,15.215,14.627,13.545,13.035,12.528,12.022,11.635,11.263,14.821,18.754,11.084,9.954,9.727,9.431,9.242,8.908,8.439,8.192,7.989,7.685,7.492,7.249,7.08,6.998,6.806,6.654,6.58,6.504,6.353,6.309,6.424,..
"Death rate, crude (per 1,000 people)",SP.DYN.CDRT.IN,Estonia,EST,12.7,11.7,11.8,11.9,11.8,12.4,12.6,13.1,14.2,15.2,14.5,13.4,13.3,14,13.4,13.2,13.3,13.3,13.2,13,12.8,12.9,13,12.5,12.1,11.9,11.5,11.7,11.6,11.8,11.6,11.7,11.8,11.9,11.6,11.9,..
"Death rate, crude (per 1,000 people)",SP.DYN.CDRT.IN,Eswatini,SWZ,8.802,8.349,7.939,7.544,7.304,7.155,7.197,7.5,8.036,8.824,9.699,10.703,11.576,12.515,13.519,14.521,15.449,16.588,17.578,18.372,18.845,18.174,17.861,17.525,17.283,15.911,14.926,13.946,13.019,12.193,11.202,10.45,9.936,9.324,8.923,9.603,..
"Death rate, crude (per 1,000 people)",SP.DYN.CDRT.IN,Ethiopia,ETH,26.791,26.357,19.495,19.782,19.762,20.055,18.88,18.295,17.808,17.345,16.892,16.317,15.808,15.413,15.539,14.758,14.36,13.96,13.258,12.745,12.226,11.539,10.807,10.143,9.485,9.001,8.52,8.119,7.734,7.502,7.208,6.93,6.767,6.569,6.439,6.616,..
"Death rate, crude (per 1,000 people)",SP.DYN.CDRT.IN,Faroe Islands,FRO,7.5,8.1,8,9,7.8,7.5,8.4,8.5,8.4,8,8.4,9.1,8.6,8.5,8.9,7.7,7.7,8.3,8.5,7.9,8.6,8.7,7.9,7.9,7.9,7.2,8,8.5,7.6,8.1,7.7,7.7,8.9,7.7,8,7,..
"Death rate, crude (per 1,000 people)",SP.DYN.CDRT.IN,Fiji,FJI,6.409,6.361,6.37,6.283,6.24,6.159,6.121,6.069,6.055,6.007,5.984,5.985,6.016,6.036,6.116,6.457,6.565,6.999,6.875,6.866,6.885,6.9,7.052,7.141,7.141,7.113,7.114,7.212,7.424,7.584,8.05,7.885,7.703,7.832,7.941,8.078,..
"Death rate, crude (per 1,000 people)",SP.DYN.CDRT.IN,Finland,FIN,9.8,9.6,9.7,9.9,9.9,10,9.8,9.9,10.1,9.4,9.6,9.6,9.6,9.6,9.6,9.5,9.4,9.5,9.4,9.1,9.1,9.1,9.3,9.2,9.3,9.5,9.4,9.6,9.5,9.6,9.6,9.8,9.8,9.9,9.8,10,..
"Death rate, crude (per 1,000 people)",SP.DYN.CDRT.IN,France,FRA,9.8,9.7,9.6,9.5,9.4,9.3,9.2,9.2,9.2,9.1,9.1,9.1,9.1,9.1,9.1,8.9,8.8,8.8,9.1,8.3,8.5,8.3,8.3,8.5,8.5,8.5,8.4,8.7,8.7,8.4,8.9,8.9,9.1,9.1,9.1,9.9,..
"Death rate, crude (per 1,000 people)",SP.DYN.CDRT.IN,French Polynesia,PYF,3.877,3.638,3.537,3.407,3.32,3.275,3.231,3.17,3.089,2.975,2.822,2.662,2.509,2.412,2.292,2.284,2.322,2.393,2.482,2.588,2.696,2.791,2.849,2.839,2.842,2.84,2.832,2.848,2.887,2.952,3.037,3.126,3.219,3.31,3.391,3.859,..
"Death rate, crude (per 1,000 people)",SP.DYN.CDRT.IN,Gabon,GAB,12.549,12.264,12.021,11.846,11.593,11.437,11.266,11.076,10.875,10.754,10.62,10.545,10.421,10.275,10.167,10.002,9.847,9.767,9.538,9.405,9.299,9.074,8.924,8.686,8.559,8.284,8.184,7.914,7.786,7.659,7.418,7.238,7.054,6.986,6.856,6.909,..
"Death rate, crude (per 1,000 people)",SP.DYN.CDRT.IN,"Gambia, The",GMB,18.565,18.115,17.558,17.061,16.608,16.102,15.541,14.983,14.408,13.712,13.163,12.751,12.607,12.254,12.024,11.841,11.69,11.57,11.237,10.847,10.56,10.132,9.856,9.432,9.171,8.941,8.501,8.174,8.073,7.916,7.74,7.454,7.396,7.323,6.999,7.373,..
"Death rate, crude (per 1,000 people)",SP.DYN.CDRT.IN,Georgia,GEO,9.918,9.998,10.267,10.157,10.369,10.499,10.634,10.975,11.012,10.73,10.569,10.652,10.814,11.062,11.125,11.188,11.482,11.409,11.463,11.633,11.445,11.587,11.876,12.318,12.194,12.347,12.418,12.691,12.783,12.576,12.531,12.411,12.603,12.963,12.88,13.976,..
"Death rate, crude (per 1,000 people)",SP.DYN.CDRT.IN,Germany,DEU,12,11.9,11.6,11.5,11.5,11.6,11.4,11,11.1,10.9,10.8,10.8,10.5,10.4,10.3,10.2,10.1,10.2,10.3,9.9,10.1,10,10.1,10.3,10.4,10.5,10.6,10.8,11.1,10.7,11.3,11.1,11.3,11.5,11.3,11.9,..
"Death rate, crude (per 1,000 people)",SP.DYN.CDRT.IN,Ghana,GHA,13.798,13.294,12.799,12.302,11.818,11.492,11.209,11.02,10.865,10.941,10.676,10.513,10.322,10.142,9.962,9.922,9.974,9.744,9.513,9.476,9.247,9.14,9.026,8.905,8.706,8.626,8.417,8.238,8.092,7.817,7.773,7.46,7.39,7.373,7.143,7.448,..
"Death rate, crude (per 1,000 people)",SP.DYN.CDRT.IN,Gibraltar,GIB,6.887,7.001,8.128,6.799,8.713,7.359,7.54,8.654,7.034,6.859,8.639,8.096,6.659,6.659,6.363,6.637,6.96,7.541,8.063,7.387,7.145,7.874,9.186,8.15,7.51,7.678,7.123,6.327,8.041,7.395,8.606,8.032,8.182,8.191,8.283,8.685,..
"Death rate, crude (per 1,000 people)",SP.DYN.CDRT.IN,Greece,GRC,9.4,9.2,9.6,9.2,9.2,9.2,9.3,9.4,9.3,9.3,9.5,9.5,9.4,9.6,9.6,9.7,9.4,9.5,9.7,9.6,9.6,9.6,9.9,9.7,9.8,9.8,10,10.6,10.2,10.4,11.2,11,11.6,11.2,11.7,12.2,..
"Death rate, crude (per 1,000 people)",SP.DYN.CDRT.IN,Greenland,GRL,8.2,8.3,8.2,7.9,8.2,8.4,8.3,8,7.8,8,8.6,7.9,8.8,8.1,8.5,8,8.3,7.9,7.2,8.4,8.2,7.8,8,7.6,7.8,9,8.4,8,7.9,8.2,8.4,8.7,8.9,8.7,9.8,9.2,..
"Death rate, crude (per 1,000 people)",SP.DYN.CDRT.IN,Grenada,GRD,7.576,7.535,7.532,7.465,7.425,7.348,7.233,7.098,6.99,6.943,6.85,6.836,6.827,6.815,6.904,7.131,7.084,7.14,7.272,7.946,7.233,7.242,7.005,6.963,6.883,7.058,7.021,7.281,7.335,7.502,7.572,7.82,7.9,7.956,8.008,8.061,..
"Death rate, crude (per 1,000 people)",SP.DYN.CDRT.IN,Guam,GUM,4.481,4.493,4.504,4.491,4.495,4.486,4.57,4.578,4.579,4.629,4.636,4.791,4.788,4.774,4.706,4.663,4.436,4.411,4.293,4.273,4.303,4.437,4.566,4.648,4.784,4.947,5.122,5.368,5.537,5.71,5.958,6.046,6.127,6.21,6.304,7.178,..
"Death rate, crude (per 1,000 people)",SP.DYN.CDRT.IN,Guatemala,GTM,9.751,9.445,9.136,8.861,8.681,8.595,8.435,8.334,8.143,7.976,7.679,7.33,7.006,6.747,6.419,6.19,6.013,5.859,5.727,5.625,5.666,5.469,5.419,5.377,5.329,5.296,5.233,5.171,5.112,5.071,5.071,5.038,5.015,4.995,4.892,5.337,..
"Death rate, crude (per 1,000 people)",SP.DYN.CDRT.IN,Guinea,GIN,20.659,20.378,20.031,19.891,19.669,19.494,19.077,18.476,17.994,17.707,17.107,16.551,15.935,15.388,15.028,14.804,14.543,14.094,13.733,13.39,13.037,12.717,12.427,12.12,11.918,11.669,11.451,11.193,10.947,10.856,10.702,10.352,10.121,9.94,9.712,9.847,..
"Death rate, crude (per 1,000 people)",SP.DYN.CDRT.IN,Guinea-Bissau,GNB,22.469,22.155,21.83,21.36,20.996,20.568,20.167,19.479,18.951,18.704,17.914,17.572,17.991,17.779,17.408,15.956,15.553,15.07,14.661,14.077,13.87,13.092,12.55,12.15,11.52,11.035,10.579,10.155,9.819,9.549,9.223,8.898,8.642,8.401,8.206,8.574,..
"Death rate, crude (per 1,000 people)",SP.DYN.CDRT.IN,Guyana,GUY,8.533,8.509,8.479,8.458,8.42,8.358,8.266,8.218,8.031,7.916,8.023,7.977,7.896,7.638,7.525,7.399,7.286,7.351,7.453,7.402,7.414,7.297,7.16,7.288,7.321,7.399,7.455,7.513,7.538,7.459,7.431,7.475,7.472,7.499,7.444,8.026,..
"Death rate, crude (per 1,000 people)",SP.DYN.CDRT.IN,Haiti,HTI,15.233,14.976,14.704,14.401,14.245,14.029,13.654,13.278,12.881,12.619,12.041,11.648,11.396,11.023,10.564,10.341,10.239,10.023,9.689,10.184,9.239,9.084,8.937,8.853,8.695,17.738,8.762,8.486,8.376,8.243,8.181,8.161,8.014,7.998,7.953,8.176,..
"Death rate, crude (per 1,000 people)",SP.DYN.CDRT.IN,Honduras,HND,8.339,8.056,7.841,7.685,7.329,7.044,6.736,6.546,6.388,6.176,5.898,5.728,5.56,7.784,5.26,5.141,4.992,4.848,4.781,4.674,4.573,4.525,4.5,4.5,4.371,4.348,4.271,4.221,4.198,4.16,4.147,4.183,4.221,4.257,4.315,4.945,..
"Death rate, crude (per 1,000 people)",SP.DYN.CDRT.IN,"Hong Kong SAR, China",HKG,4.6,4.7,4.8,4.9,5.1,5.2,5,5.3,5.2,5,5.1,5,4.9,5,5,5.1,5,5.1,5.5,5.4,5.7,5.5,5.7,6,5.9,6,6,6.1,6,6.2,6.3,6.4,6.3,6.4,6.5,6.8,..
"Death rate, crude (per 1,000 people)",SP.DYN.CDRT.IN,Hungary,HUN,13.9,13.8,13.4,13.2,13.8,14,14,14.3,14.5,14.2,14.1,13.9,13.5,13.7,14,13.3,13,13.1,13.4,13.1,13.5,13.1,13.2,13,13,13,12.9,13,12.8,12.8,13.4,13,13.5,13.4,13.3,14.5,..
"Death rate, crude (per 1,000 people)",SP.DYN.CDRT.IN,Iceland,ISL,6.8,6.6,7,7.3,6.8,6.7,7,6.6,6.6,6.5,7.2,7,6.8,6.6,6.9,6.5,6.1,6.3,6.3,6.2,6.2,6.3,6.2,6.3,6.3,6.4,6.2,6.1,6.7,6.3,6.6,6.9,6.5,6.4,6.3,6.3,..
"Death rate, crude (per 1,000 people)",SP.DYN.CDRT.IN,India,IND,12.102,11.82,11.522,11.236,10.956,10.691,10.455,10.23,10.021,9.807,9.612,9.419,9.229,9.05,8.875,8.701,8.558,8.363,8.188,8.04,7.876,7.743,7.642,7.558,7.479,7.385,7.267,7.118,6.96,6.79,6.67,6.603,6.593,6.644,6.71,7.35,..
"Death rate, crude (per 1,000 people)",SP.DYN.CDRT.IN,Indonesia,IDN,8.937,8.706,8.591,8.507,8.31,8.111,8.007,7.786,7.636,7.596,7.505,7.541,7.458,7.431,7.39,7.383,7.329,7.248,7.223,7.995,7.336,7.323,7.314,7.41,7.386,7.406,7.456,7.494,7.457,7.43,7.46,7.529,7.579,7.496,7.539,8.964,..
"Death rate, crude (per 1,000 people)",SP.DYN.CDRT.IN,"Iran, Islamic Rep.",IRN,8.78,8.373,8.071,7.668,6.686,7.176,6.207,6.015,5.821,5.661,5.514,5.415,5.357,5.311,5.18,5.15,5.168,5.1,5.459,5.007,4.97,4.911,4.838,5.041,5.127,5.108,4.978,4.892,4.911,4.905,4.842,4.726,4.692,4.715,4.872,5.567,..
"Death rate, crude (per 1,000 people)",SP.DYN.CDRT.IN,Iraq,IRQ,9.342,9.211,9.036,10.824,10.735,10.565,8.541,6.707,6.577,6.575,6.606,6.56,6.718,6.78,6.46,6.172,6.041,5.975,6.474,6.688,6.732,7.214,7.214,6.65,6.07,5.85,5.646,5.505,5.413,5.16,4.961,5.13,4.637,4.282,4.301,5.239,..
"Death rate, crude (per 1,000 people)",SP.DYN.CDRT.IN,Ireland,IRL,9.4,9.5,8.9,9,9.1,8.9,8.9,8.7,9,8.6,8.9,8.7,8.6,8.5,8.7,8.2,7.8,7.5,7.3,7,6.8,6.7,6.4,6.3,6.3,6.1,6.2,6.3,6.4,6.3,6.4,6.4,6.3,6.4,6.3,6.4,..
"Death rate, crude (per 1,000 people)",SP.DYN.CDRT.IN,Isle of Man,IMN,16.498,16.176,15.908,15.451,15.653,14.76,14.529,13.979,14.899,14.113,14.261,13.838,13.781,13.318,13.854,12.885,12.239,12.227,11.871,11.121,10.719,10.504,10.5,10.32,10.167,9.97,9.845,9.896,9.992,9.781,10.905,9.979,10.023,10.054,10.09,10.414,..
"Death rate, crude (per 1,000 people)",SP.DYN.CDRT.IN,Israel,ISR,6.6,6.8,6.7,6.6,7.1,6.8,6.5,6.4,6.6,6.5,6.3,6.1,6.2,6.2,6.1,6,5.8,5.8,5.8,5.6,5.6,5.5,5.6,5.4,5.2,5.2,5.3,5.3,5.2,5.2,5.3,5.2,5.2,5,5.1,5.3,..
"Death rate, crude (per 1,000 people)",SP.DYN.CDRT.IN,Italy,ITA,9.7,9.6,9.4,9.5,9.4,9.6,9.7,9.6,9.7,9.7,9.8,9.7,9.8,10,9.8,9.8,9.6,9.8,10.2,9.5,9.8,9.6,9.8,9.9,10,9.9,10,10.3,10,9.8,10.7,10.1,10.7,10.5,10.6,12.6,..
"Death rate, crude (per 1,000 people)",SP.DYN.CDRT.IN,Jamaica,JAM,7.513,7.417,7.206,7.118,6.877,6.861,6.974,7.016,7.063,7.061,7.066,6.975,7.034,7.062,6.979,6.894,6.914,6.81,6.817,6.753,6.654,6.587,6.501,6.429,6.219,6.019,5.871,5.813,5.924,6.238,6.653,6.971,7.145,7.318,7.477,7.583,..
"Death rate, crude (per 1,000 people)",SP.DYN.CDRT.IN,Japan,JPN,6.2,6.2,6.7,6.5,6.4,6.7,6.7,6.9,7.1,7.1,7.41,7.1,7.3,7.5,7.8,7.7,7.7,8.1,8.4,8.05,8.53,8.53,8.71,9.1,9.1,9.5,9.9,10,10.1,10.1,10.3,10.5,10.8,11,11,11.1,..
"Death rate, crude (per 1,000 people)",SP.DYN.CDRT.IN,Jordan,JOR,5.07,4.923,4.772,4.609,4.471,4.345,4.25,4.169,4.102,4.045,3.993,3.936,3.875,3.819,3.769,3.724,3.689,3.67,3.655,3.643,3.645,3.635,3.625,3.621,3.611,3.604,3.597,3.596,3.592,3.361,3.169,3.169,3.155,3.15,3.148,3.475,..
"Death rate, crude (per 1,000 people)",SP.DYN.CDRT.IN,Kazakhstan,KAZ,8,7.4,7.6,7.7,7.6,7.87,8.19,8.37,9.53,9.93,10.66,10.66,10.44,10.24,9.87,10.06,9.95,10.05,10.41,10.14,10.37,10.27,10.22,9.74,8.88,8.95,8.72,8.54,8,7.65,7.46,7.37,7.15,7.14,7.19,8.6,..
"Death rate, crude (per 1,000 people)",SP.DYN.CDRT.IN,Kenya,KEN,8.751,8.818,8.849,8.999,9.162,9.31,9.527,9.803,10.036,10.153,10.387,10.543,10.65,10.743,10.697,10.677,10.587,10.332,9.995,9.61,9.147,8.748,8.457,8.087,7.718,7.57,7.428,7.453,7.399,7.304,7.361,7.34,7.294,7.305,7.29,7.456,..
"Death rate, crude (per 1,000 people)",SP.DYN.CDRT.IN,Kiribati,KIR,10.601,10.411,10.143,9.843,9.539,9.229,8.912,8.633,8.369,8.142,7.952,7.801,7.613,7.433,7.255,7.09,6.95,6.875,6.829,6.857,6.917,7.004,7.064,7.102,7.102,7.071,7.007,6.928,6.831,6.727,6.623,6.519,6.426,6.345,6.252,6.242,..
"Death rate, crude (per 1,000 people)",SP.DYN.CDRT.IN,"Korea, Dem. People's Rep.",PRK,5.736,5.649,5.62,5.57,5.559,5.578,5.62,5.554,5.263,5.89,9.856,9.988,10.129,10.328,10.567,10.763,10.97,11.138,7.899,8.189,8.501,8.843,9.148,9.338,8.95,8.71,8.609,8.468,8.305,8.183,8.088,8.327,8.502,8.721,8.878,9.078,..
"Death rate, crude (per 1,000 people)",SP.DYN.CDRT.IN,"Korea, Rep.",KOR,5.9,5.8,5.9,5.6,5.6,5.6,5.6,5.4,5.2,5.4,5.3,5.2,5.3,5.2,5.3,5.2,5.1,5.1,5.1,5.1,5.1,5,5,5,5,5.1,5.1,5.3,5.3,5.3,5.4,5.5,5.6,5.8,5.7,5.9,..
"Death rate, crude (per 1,000 people)",SP.DYN.CDRT.IN,Kosovo,XKX,6.002,5.856,5.658,5.58,5.475,5.421,5.327,5.157,5.042,4.968,4.919,4.878,4.838,5.569,6.437,4.986,4.992,5.014,5.021,5.032,5.037,5.172,4.864,4.596,4.568,4.659,4.661,4.56,4.593,4.645,4.841,4.973,5.262,5.505,5.56,7.505,..
"Death rate, crude (per 1,000 people)",SP.DYN.CDRT.IN,Kuwait,KWT,2.458,2.3,2.189,2.133,2.114,2.697,2.579,2.173,2.232,2.156,2.07,2.011,1.974,1.936,1.905,1.868,1.863,1.878,1.914,2,2.01,2.036,2.014,1.997,1.942,1.834,1.752,1.721,1.696,1.695,1.761,1.811,1.914,2.052,2.194,3.254,..
"Death rate, crude (per 1,000 people)",SP.DYN.CDRT.IN,Kyrgyz Republic,KGZ,9.213,9.161,9.054,8.941,7.2,6.9,6.9,7.1,7.6,8.2,8,7.4,7.3,7.2,6.8,7,6.6,7.1,7.1,6.9,7.2,7.4,7.2,7.1,6.7,6.6,6.5,6.5,6.1,6.1,5.8,5.5,5.4,5.2,5.2,6.1,..
"Death rate, crude (per 1,000 people)",SP.DYN.CDRT.IN,Lao PDR,LAO,15.324,14.943,14.629,14.236,13.874,13.548,13.063,12.701,12.337,12.03,11.543,11.139,10.802,10.599,10.511,10.256,9.956,9.785,9.626,9.598,9.378,9.096,8.785,8.539,8.266,8.008,7.762,7.604,7.584,7.465,7.513,7.135,6.91,6.755,6.505,6.366,..
"Death rate, crude (per 1,000 people)",SP.DYN.CDRT.IN,Latvia,LVA,13.2,12,12.2,12.2,12.2,13.1,13.1,13.5,15.3,16.6,15.7,14,13.8,14.2,13.7,13.6,14.1,14.1,14.2,14.2,14.6,14.9,15,14.2,14,14.3,13.9,14.3,14.3,14.3,14.4,14.6,14.8,15,14.5,15.2,..
"Death rate, crude (per 1,000 people)",SP.DYN.CDRT.IN,Lebanon,LBN,9.672,9.432,9.278,9.128,7.963,7.848,5.199,5.207,5.153,5.068,4.969,4.92,4.787,4.788,4.647,4.554,4.473,4.295,4.196,4.158,4.16,4.333,4.093,4.026,4.039,4.066,4.099,4.134,4.197,4.221,4.235,4.343,4.495,4.704,5.178,6.253,..
"Death rate, crude (per 1,000 people)",SP.DYN.CDRT.IN,Lesotho,LSO,10.358,10.136,10.09,10.001,9.997,10.013,10.081,10.344,10.59,10.558,11.183,11.947,12.829,13.878,14.944,16.083,17.289,18.368,19.339,20.162,20.605,20.884,20.662,20.417,19.933,18.644,17.828,17.019,16.222,15.519,14.825,14.126,13.651,13.259,13.014,12.858,..
"Death rate, crude (per 1,000 people)",SP.DYN.CDRT.IN,Liberia,LBR,19.688,19.432,19.738,20.102,20.475,25.501,21.006,21.008,21.512,21.786,20.233,19.875,17.565,16.855,16.141,15.228,14.312,13.58,13.852,12.134,11.599,11.171,10.765,10.421,10.115,9.907,9.741,9.57,9.482,9.799,9.715,9.059,8.954,8.793,8.658,8.753,..
"Death rate, crude (per 1,000 people)",SP.DYN.CDRT.IN,Libya,LBY,5.521,5.319,5.142,4.972,4.823,4.663,4.524,4.395,4.348,4.281,4.198,4.187,4.3,4.385,4.469,4.686,4.683,4.669,4.653,4.549,4.53,4.491,4.504,4.42,4.449,4.512,5.479,5.028,5.056,5.43,5.427,5.48,5.284,5.245,5.454,5.598,..
"Death rate, crude (per 1,000 people)",SP.DYN.CDRT.IN,Liechtenstein,LIE,6.4,6.9,6.5,7,6.1,6.8,6.4,6.1,5.9,6.8,7.3,7.4,7.4,6.6,6.4,7.3,6.6,6.4,6.4,5.7,6.2,6.3,6.4,5.8,6.4,6.6,6.8,6.1,6.7,7.2,6.7,7.2,6.6,7.2,6.8,8.2,..
"Death rate, crude (per 1,000 people)",SP.DYN.CDRT.IN,Lithuania,LTU,11.1,10,10.2,10.3,10.4,10.8,11.1,11.2,12.5,12.7,12.5,11.9,11.5,11.5,11.4,11.1,11.6,11.9,12,12.2,13.2,13.7,14.1,13.7,13.3,13.6,13.6,13.7,14,13.7,14.4,14.3,14.2,14.1,13.7,15.6,..
"Death rate, crude (per 1,000 people)",SP.DYN.CDRT.IN,Luxembourg,LUX,11,10.8,10.8,10.3,10.6,9.9,9.7,10.3,9.8,9.4,9.3,9.4,9.4,9.2,8.8,8.6,8.4,8.4,9,7.8,7.8,8,8.1,7.4,7.3,7.4,7.4,7.3,7,6.9,7,6.8,7.1,7.1,6.9,7.3,..
"Death rate, crude (per 1,000 people)",SP.DYN.CDRT.IN,"Macao SAR, China",MAC,5.562,5.327,5.079,4.879,4.639,4.425,4.179,4.018,3.936,3.859,3.796,3.639,3.653,3.672,3.654,3.64,3.654,3.701,3.692,3.694,3.644,3.64,3.62,3.577,3.526,3.678,3.719,3.771,3.715,3.768,3.851,3.877,3.864,3.86,3.983,4.047,..
"Death rate, crude (per 1,000 people)",SP.DYN.CDRT.IN,Madagascar,MDG,15.969,15.791,15.494,15.213,14.853,14.463,14.036,13.597,13.077,12.738,12.395,12.02,11.569,11.108,10.769,10.385,9.986,9.748,9.407,9.062,8.831,8.476,8.257,8.066,7.801,7.713,7.427,7.38,7.201,7.076,7.049,6.81,6.79,6.736,6.518,6.801,..
"Death rate, crude (per 1,000 people)",SP.DYN.CDRT.IN,Malawi,MWI,21.653,22.032,22.275,22.892,22.492,22.087,21.711,21.289,21.012,20.623,20.333,20.459,20.657,20.823,20.175,19.559,18.588,17.66,16.573,15.541,14.633,13.951,13.496,12.96,12.183,11.412,10.608,9.783,9.081,8.376,8.005,7.541,7.149,6.955,6.611,6.706,..
"Death rate, crude (per 1,000 people)",SP.DYN.CDRT.IN,Malaysia,MYS,4.799,4.79,4.756,4.717,4.677,4.656,4.656,4.674,4.607,4.529,4.494,4.563,4.627,4.718,4.722,4.584,4.435,4.43,4.43,4.488,4.516,4.603,4.705,4.817,4.96,5.009,4.928,4.909,4.945,4.981,5.096,5.109,5.132,5.175,5.253,5.311,..
"Death rate, crude (per 1,000 people)",SP.DYN.CDRT.IN,Maldives,MDV,10.151,9.771,9.309,8.807,8.338,7.916,7.493,7.064,6.656,6.27,5.854,5.319,5.042,4.878,4.692,4.458,4.087,3.82,3.688,3.984,3.724,3.74,3.622,3.387,3.258,3.112,3.004,2.873,2.793,2.718,2.718,2.738,2.784,2.828,2.858,3.001,..
"Death rate, crude (per 1,000 people)",SP.DYN.CDRT.IN,Mali,MLI,22.264,21.589,20.96,20.368,19.917,19.272,18.794,18.533,18.282,18.189,18.015,17.913,17.36,16.907,16.482,15.984,15.487,14.888,14.435,14.006,13.669,13.233,12.929,12.609,12.189,11.812,11.498,11.21,10.936,10.548,10.211,9.927,9.637,9.419,9.205,9.529,..
"Death rate, crude (per 1,000 people)",SP.DYN.CDRT.IN,Malta,MLT,8.4,8.3,8.4,7.8,7.4,7.8,7.9,7.9,7.3,7.2,7.2,7.3,7.5,7.8,7.9,7.5,7.4,7.6,7.9,7.5,7.8,7.9,7.6,7.9,7.8,7.3,7.8,8.1,7.6,7.5,7.7,7.3,7.6,7.6,7.3,7.9,..
"Death rate, crude (per 1,000 people)",SP.DYN.CDRT.IN,Marshall Islands,MHL,..,..,5,..,..,..,..,..,..,..,..,4,..,..,4.9,..,..,..,..,..,..,..,..,..,..,..,3.7,..,..,..,..,..,..,..,..,..,..
"Death rate, crude (per 1,000 people)",SP.DYN.CDRT.IN,Mauritania,MRT,10.937,10.644,10.286,9.963,9.844,9.614,9.52,9.375,9.36,9.373,9.39,9.426,9.203,9.087,8.973,8.856,8.766,8.704,8.645,8.534,8.512,8.418,8.275,8.204,8.241,8.327,8.454,8.581,8.652,8.301,7.979,7.707,7.446,7.248,7.003,7.466,..
"Death rate, crude (per 1,000 people)",SP.DYN.CDRT.IN,Mauritius,MUS,6.8,6.6,6.5,6.6,6.8,6.6,6.6,6.5,6.8,6.7,6.7,6.8,7,6.8,6.8,6.7,6.7,6.9,7,6.9,7,7.4,6.9,7.2,7.4,7.3,7.3,7.4,7.5,7.7,7.7,8.1,8,8.5,8.8,8.7,..
"Death rate, crude (per 1,000 people)",SP.DYN.CDRT.IN,Mexico,MEX,6.341,6.186,6.051,5.938,5.855,5.777,5.68,5.584,5.489,5.403,5.316,5.235,5.152,5.086,5.036,4.997,4.962,4.946,4.96,5.001,5.078,5.177,5.302,5.426,5.533,5.594,5.597,5.642,5.696,5.805,6.007,6.305,6.615,6.856,6.931,9.33,..
"Death rate, crude (per 1,000 people)",SP.DYN.CDRT.IN,"Micronesia, Fed. Sts.",FSM,6.473,6.354,6.281,6.035,5.925,5.794,5.715,5.638,5.686,5.812,5.75,5.626,5.41,5.252,5.073,4.953,4.707,5.128,4.667,4.678,4.694,4.648,4.676,4.657,4.66,4.587,4.612,4.676,4.743,4.844,5.008,5.073,5.265,5.472,5.728,6.065,..
"Death rate, crude (per 1,000 people)",SP.DYN.CDRT.IN,Moldova,MDA,11.754,10.321,10.159,10.258,9.989,10.588,11.619,11.454,12.043,13.533,13.439,14.484,13.511,13.399,13.577,12.993,12.897,13.042,12.803,12.529,12.501,12.417,12.21,12.033,12.093,12.582,13.074,13.443,13.8,14.166,14.133,13.54,13.088,13.339,13.089,14.445,..
"Death rate, crude (per 1,000 people)",SP.DYN.CDRT.IN,Monaco,MCO,..,..,..,..,..,..,..,..,..,..,..,..,..,..,..,..,..,..,..,15.9,..,..,..,..,..,..,..,..,..,..,7.6,7.9,..,6.6,..,..,..
"Death rate, crude (per 1,000 people)",SP.DYN.CDRT.IN,Mongolia,MNG,12.31,12.169,11.778,11.348,10.89,10.48,10.016,9.574,9.162,8.832,8.636,8.719,8.395,7.874,7.502,7.359,7.238,7.229,7.005,6.869,6.992,6.875,6.843,6.817,6.808,6.729,6.741,6.514,6.393,6.276,6.158,6.075,5.994,5.663,5.499,5.475,..
"Death rate, crude (per 1,000 people)",SP.DYN.CDRT.IN,Montenegro,MNE,6.867,6.727,6.491,6.094,6.617,6.772,6.948,7.728,7.702,8.723,8,8.2,8.5,8.7,8.9,9,8.9,9,9.3,9.3,9.5,9.7,9.7,9.3,9.5,9.1,9.4,9.5,9.5,9.7,10.2,10.4,10.5,10.5,10.6,11.7,..
"Death rate, crude (per 1,000 people)",SP.DYN.CDRT.IN,Morocco,MAR,9.373,8.944,8.573,8.241,7.944,7.706,7.53,7.37,7.189,7.027,6.915,6.769,6.678,6.59,6.5,6.432,6.365,6.318,6.276,6.259,6.177,6.13,6.068,6.018,5.987,5.966,5.91,5.86,5.796,5.741,5.705,5.674,5.642,5.637,5.658,6.073,..
"Death rate, crude (per 1,000 people)",SP.DYN.CDRT.IN,Mozambique,MOZ,24.664,22.76,22.614,20.57,20.313,20.036,19.812,19.515,19.144,18.853,18.429,17.91,17.321,16.829,16.217,15.677,15.181,14.731,14.434,14.073,13.753,13.399,12.93,12.536,12.149,11.902,11.473,10.995,10.492,10.005,9.506,9.049,8.69,8.337,8.04,8.004,..
"Death rate, crude (per 1,000 people)",SP.DYN.CDRT.IN,Myanmar,MMR,12.211,12.017,11.849,11.795,11.528,11.489,11.31,11.203,11.023,10.872,10.737,10.411,10.296,10.06,10.07,9.995,9.943,9.876,9.812,9.736,9.628,9.562,9.409,12.149,9.193,9.214,9.026,9.023,8.799,8.804,8.673,8.753,8.808,8.622,8.692,8.819,..
"Death rate, crude (per 1,000 people)",SP.DYN.CDRT.IN,Namibia,NAM,10.113,9.815,9.478,9.399,8.387,8.31,8.425,8.568,8.757,9.089,9.524,10.22,10.837,11.569,12.142,12.718,13.129,13.12,13.241,13.199,12.954,12.537,12.046,11.61,11.249,11.062,10.861,10.372,9.91,9.427,9.077,8.686,8.47,8.403,8.248,8.475,..
"Death rate, crude (per 1,000 people)",SP.DYN.CDRT.IN,Nauru,NRU,..,..,..,..,..,..,..,..,..,..,..,..,..,..,..,..,..,..,..,..,..,..,..,..,..,..,..,..,..,..,..,..,..,..,..,..,..
"Death rate, crude (per 1,000 people)",SP.DYN.CDRT.IN,Nepal,NPL,15.17,14.723,14.127,13.739,13.095,12.66,12.131,11.552,11.067,10.547,10.11,9.713,9.252,8.839,8.544,8.294,7.949,7.954,7.587,7.359,7.132,7.014,6.893,6.943,6.897,6.987,6.891,6.961,6.887,6.981,7.376,6.93,6.971,7.041,6.871,7.209,..
"Death rate, crude (per 1,000 people)",SP.DYN.CDRT.IN,Netherlands,NLD,8.5,8.6,8.3,8.4,8.7,8.6,8.6,8.6,9,8.7,8.8,8.9,8.7,8.8,8.9,8.8,8.7,8.8,8.7,8.4,8.4,8.3,8.1,8.2,8.1,8.2,8.1,8.4,8.4,8.3,8.7,8.7,8.8,8.9,8.8,9.7,..
"Death rate, crude (per 1,000 people)",SP.DYN.CDRT.IN,New Caledonia,NCL,5.8,5.7,5.7,5.9,5.9,5.4,5.6,5.2,5.2,5.6,5.3,5.2,5,4.8,5.2,5.1,5.2,5.1,5,4.9,4.9,4.7,5,4.8,5.1,4.8,5.2,5.1,5.2,5.2,5.4,5.7,5.5,5.054,5.022,5.008,..
"Death rate, crude (per 1,000 people)",SP.DYN.CDRT.IN,New Zealand,NZL,8.4,8.3,8.4,8.4,8.2,8.1,8,7.85,7.6,7.48,7.49,7.57,7.26,6.87,7.33,6.91,7.16,7.1,6.95,6.95,6.54,6.75,6.75,6.85,6.73,6.53,6.86,6.82,6.65,6.87,6.85,6.61,6.92,6.78,6.87,6.41,..
"Death rate, crude (per 1,000 people)",SP.DYN.CDRT.IN,Nicaragua,NIC,10.474,9.807,9.736,8.563,7.618,7.288,6.896,6.704,6.488,6.248,6.051,5.866,5.703,6.29,5.539,5.547,5.615,5.699,5.758,5.748,5.614,5.357,5.105,4.808,4.598,4.491,4.444,4.47,4.535,4.597,4.635,4.633,4.619,4.605,4.626,5.703,..
"Death rate, crude (per 1,000 people)",SP.DYN.CDRT.IN,Niger,NER,25.813,25.756,25.49,25.124,24.665,24.067,23.667,22.985,22.213,21.405,20.523,19.762,19.074,18.489,17.968,17.431,16.912,16.272,15.543,14.683,13.922,13.174,12.477,11.812,11.206,10.589,10.145,9.718,9.346,9.016,8.799,8.512,8.239,8.061,7.824,8.281,..
"Death rate, crude (per 1,000 people)",SP.DYN.CDRT.IN,Nigeria,NGA,18.795,18.928,18.807,18.694,18.58,18.631,18.819,18.805,18.702,18.87,18.859,18.757,18.531,18.289,17.865,17.464,17.158,16.919,16.541,16.271,15.883,15.561,15.322,15.161,14.82,14.628,14.336,14.193,14.004,13.892,13.803,13.638,13.435,13.239,12.989,12.997,..
"Death rate, crude (per 1,000 people)",SP.DYN.CDRT.IN,North Macedonia,MKD,7.435,7.376,7.505,7.417,7.436,7.606,7.497,8.12,7.972,8.446,8.573,8.478,8.3,8.4,8.3,8.5,8.3,8.9,8.9,8.8,9,9.1,9.6,9.3,9.3,9.3,9.5,9.8,9.3,9.5,9.9,9.853364793075,9.8,9.5,9.8,12.4,..
"Death rate, crude (per 1,000 people)",SP.DYN.CDRT.IN,Northern Mariana Islands,MNP,..,..,..,..,..,..,..,..,..,..,..,..,..,..,..,..,..,..,..,..,..,..,..,..,..,..,..,..,..,4.3,..,..,..,..,4,..,..
"Death rate, crude (per 1,000 people)",SP.DYN.CDRT.IN,Norway,NOR,10.7,10.5,10.7,10.8,10.7,10.9,10.5,10.4,10.8,10.2,10.4,10,10.1,10,10.1,9.8,9.7,9.8,9.3,9,8.9,8.9,8.9,8.7,8.6,8.5,8.4,8.4,8.1,7.9,7.8,7.8,7.7,7.7,7.6,7.5,..
"Death rate, crude (per 1,000 people)",SP.DYN.CDRT.IN,Oman,OMN,6.982,6.358,5.755,5.279,4.894,4.541,4.292,4.054,3.836,3.73,3.549,3.494,3.435,3.285,3.234,3.156,3.063,3.041,2.959,2.896,2.914,2.928,2.976,2.973,2.991,2.585,2.457,2.323,2.278,2.243,2.205,2.154,2.155,2.172,2.205,3.025,..
"Death rate, crude (per 1,000 people)",SP.DYN.CDRT.IN,Pakistan,PAK,11.351,11.257,11.383,11.199,11.013,10.731,10.543,10.489,10.43,10.215,10.194,9.852,9.654,9.353,9.023,8.77,8.583,8.454,8.311,8.177,8.402,7.831,7.798,7.733,7.703,7.599,7.524,7.479,7.333,7.274,7.097,7.036,6.89,6.843,6.765,7.06,..
"Death rate, crude (per 1,000 people)",SP.DYN.CDRT.IN,Palau,PLW,..,..,..,..,..,7.7,6.5,7.3,7.1,7.7,6.4,8.2,6.7,6.8,6.9,6.5,7,6.7,6.7,6.9,6.7,7.2,7.5,8.4,8.5,8.1,8.3,9.4,10.9,9.5,7.7,9.9,10.3,7.8,10.2,7.6,..
"Death rate, crude (per 1,000 people)",SP.DYN.CDRT.IN,Panama,PAN,5.439,5.416,5.408,5.42,5.783,5.374,5.347,5.278,5.187,5.118,5.057,5.001,4.948,4.896,4.836,4.768,4.694,4.626,4.569,4.541,4.526,4.547,4.586,4.651,4.701,4.755,4.789,4.818,4.835,4.856,4.875,4.904,4.947,5.013,5.12,5.747,..
"Death rate, crude (per 1,000 people)",SP.DYN.CDRT.IN,Papua New Guinea,PNG,8.445,8.421,8.324,8.281,8.179,8.119,8.046,7.918,7.816,7.726,7.618,7.621,7.536,7.917,7.468,7.471,7.473,7.54,7.524,7.559,7.563,7.532,7.501,7.287,7.215,7.134,6.951,6.891,6.825,6.734,6.585,6.57,6.508,6.532,6.468,6.402,..
"Death rate, crude (per 1,000 people)",SP.DYN.CDRT.IN,Paraguay,PRY,7.376,7.145,6.923,6.736,6.616,6.382,6.255,6.137,6.02,5.932,5.852,5.776,5.734,5.686,5.642,5.621,5.593,5.585,5.536,5.539,5.6,5.584,5.545,5.529,5.525,5.517,5.506,5.464,5.436,5.481,5.446,5.398,5.445,5.569,5.636,5.916,..
"Death rate, crude (per 1,000 people)",SP.DYN.CDRT.IN,Peru,PER,9.329,8.876,8.426,7.996,7.607,7.243,7.068,6.753,6.532,6.323,6.294,6.217,6.144,6.056,5.904,5.782,5.72,5.707,5.747,5.838,5.98,6.177,6.416,6.605,6.801,6.895,6.864,6.791,6.681,6.612,6.438,6.318,6.173,6.103,6.006,7.327,..
"Death rate, crude (per 1,000 people)",SP.DYN.CDRT.IN,Philippines,PHL,7.796,7.675,7.432,7.202,6.955,6.781,6.627,6.305,6.126,5.982,5.903,5.779,5.711,5.686,5.684,5.729,5.689,5.621,5.576,5.556,5.513,5.548,5.529,5.559,5.602,5.636,5.668,5.681,5.756,5.704,5.736,5.695,5.665,5.631,5.609,5.566,..
"Death rate, crude (per 1,000 people)",SP.DYN.CDRT.IN,Poland,POL,10.3,10.1,10.1,9.9,10.1,10.2,10.6,10.3,10.2,10,10,10,9.8,9.7,9.9,9.6,9.5,9.4,9.6,9.5,9.6,9.7,9.9,10,10.1,9.9,9.9,10.1,10.2,9.9,10.4,10.2,10.6,10.9,10.8,12.6,..
"Death rate, crude (per 1,000 people)",SP.DYN.CDRT.IN,Portugal,PRT,9.7,9.5,9.5,9.8,9.6,10.3,10.4,10.1,10.6,9.9,10.3,10.6,10.4,10.5,10.6,10.2,10.1,10.2,10.4,9.7,10.2,9.7,9.8,9.9,9.9,10,9.7,10.2,10.2,10.1,10.5,10.7,10.7,11,10.9,12,..
"Death rate, crude (per 1,000 people)",SP.DYN.CDRT.IN,Puerto Rico,PRI,7.1,7.2,7.3,7.35,7.4,7.3,7.4,7.6,7.8,7.7,8.1,8,7.7,7.8,7.7,7.48,7.5,7.28,7.31,7.46,7.6,7.29,7.44,7.61,7.78,7.833,8,8.1,8.1,8.5,8.084,8.86,9.222,9.063,9.194,9.6,..
"Death rate, crude (per 1,000 people)",SP.DYN.CDRT.IN,Qatar,QAT,2.618,2.541,2.445,2.428,2.33,2.241,2.253,2.24,2.24,2.242,2.301,2.208,2.206,2.224,2.253,2.278,2.184,2.173,2.159,2.077,2.073,1.869,1.673,1.517,1.38,1.263,1.188,1.156,1.136,1.102,1.032,0.991,0.985,0.982,0.991,1.219,..
"Death rate, crude (per 1,000 people)",SP.DYN.CDRT.IN,Romania,ROU,10.9,10.6,11.1,11,10.7,10.6,10.9,11.6,11.6,11.7,12,12.7,12.4,12,11.8,11.4,11.7,12.4,12.4,12.1,12.3,12.2,12.1,12.3,12.6,12.8,12.5,12.7,12.4,12.8,13.2,13.1,13.4,13.6,13.4,15.4,..
"Death rate, crude (per 1,000 people)",SP.DYN.CDRT.IN,Russian Federation,RUS,11.3,10.4,10.5,10.7,10.7,11.2,11.4,12.2,14.5,15.7,15,14.2,13.8,13.5,14.6,15.3,15.6,16.2,16.4,15.9,16.1,15.1,14.6,14.5,14.1,14.2,13.5,13.3,13,13.1,13,12.9,12.4,12.5,12.3,14.6,..
"Death rate, crude (per 1,000 people)",SP.DYN.CDRT.IN,Rwanda,RWA,14.649,14.431,14.281,14.328,14.554,15.403,16.453,17.877,19.436,103.534,20.369,19.68,19.637,18.779,17.121,15.774,14.833,13.926,12.791,11.546,10.546,9.803,9.186,8.64,8.284,8.068,7.814,7.604,7.285,6.953,6.724,6.49,6.367,6.227,6.137,5.998,..
"Death rate, crude (per 1,000 people)",SP.DYN.CDRT.IN,Samoa,WSM,6.229,6.198,6.158,6.068,5.987,5.95,5.9,5.741,5.662,5.594,5.505,5.429,5.353,5.276,5.206,5.138,5.08,5.035,5.057,5.088,5.171,5.169,5.221,5.238,6.066,5.275,5.308,5.372,5.299,5.285,5.281,5.29,5.29,5.297,5.5,5.305,..
"Death rate, crude (per 1,000 people)",SP.DYN.CDRT.IN,San Marino,SMR,..,..,..,..,..,..,..,..,..,..,..,..,..,..,..,..,..,..,..,6.3,7.3,7.5,7.2,6,6.3,6.5,6.8,7.1,7.5,7.7,7.1,7.6,8.2,7.1,7.2,9.9,..
"Death rate, crude (per 1,000 people)",SP.DYN.CDRT.IN,Sao Tome and Principe,STP,11.381,12.431,10.596,10.351,10.819,10.105,10.064,10.088,10.093,10.054,9.984,9.887,9.768,9.687,9.522,9.334,9.101,8.817,8.483,8.151,8.083,7.699,7.477,7.26,7.169,7.055,7.145,6.775,6.552,6.345,6.198,6.123,5.863,5.879,5.876,6.294,..
"Death rate, crude (per 1,000 people)",SP.DYN.CDRT.IN,Saudi Arabia,SAU,6.207,5.887,5.613,5.331,5.074,4.849,4.65,4.421,4.265,4.109,3.982,3.882,3.804,3.674,3.585,3.482,3.323,3.207,3.113,2.966,2.879,2.797,2.719,2.643,2.59,2.498,2.413,2.415,2.443,2.488,2.542,2.605,2.64,2.655,2.656,2.913,..
"Death rate, crude (per 1,000 people)",SP.DYN.CDRT.IN,Senegal,SEN,14.298,13.487,12.857,12.208,11.756,11.433,11.285,11.258,11.291,11.287,11.326,11.395,11.417,11.488,11.39,11.181,10.815,10.423,9.932,9.444,8.99,8.577,8.178,7.831,7.514,7.19,6.894,6.78,6.503,6.318,6.109,5.84,5.721,5.579,5.409,5.584,..
"Death rate, crude (per 1,000 people)",SP.DYN.CDRT.IN,Serbia,SRB,..,..,..,..,..,..,11.7,..,..,..,12.3,12.9,12.91,13.13,13.5,13.8,13.2,13.7,13.9,14,14.3,13.88,13.92,13.97,14.2,14.2,14.2,14.2,14,14.2,14.6,14.3,14.8,14.6,14.6,16.9,..
"Death rate, crude (per 1,000 people)",SP.DYN.CDRT.IN,Seychelles,SYC,7.2,7.6,7.4,7.3,8.1,7.7,7.7,7.4,8.3,7.6,7,7.4,7.8,7.2,7,6.8,6.8,7.7,8.1,7.2,8.1,7.8,7.4,7.6,7.8,7.4,7.9,7.4,8,7.9,7.5,7.9,7.8,8.4,8.1,6.8,..
"Death rate, crude (per 1,000 people)",SP.DYN.CDRT.IN,Sierra Leone,SLE,21.82,21.837,21.601,21.521,21.446,21.34,21.667,21.506,21.48,21.92,21.967,21.18,21.052,21.608,21.883,19.794,19.248,18.67,18.104,17.491,16.89,16.096,15.345,14.546,13.805,13.089,12.481,11.939,11.372,11.219,10.712,10.046,9.88,9.308,9.065,9.296,..
"Death rate, crude (per 1,000 people)",SP.DYN.CDRT.IN,Singapore,SGP,4.9,4.6,4.7,4.9,4.9,4.7,4.6,4.7,4.6,4.7,4.8,4.7,4.5,4.6,4.5,4.5,4.3,4.4,4.5,4.4,4.4,4.4,4.5,4.4,4.3,4.4,4.5,4.5,4.6,4.7,4.8,4.8,5,5,5,5.2,..
"Death rate, crude (per 1,000 people)",SP.DYN.CDRT.IN,Sint Maarten (Dutch part),SXM,..,..,..,..,..,..,..,..,..,..,..,..,..,..,..,..,..,..,..,..,3.4,3.6,3.2,3.8,3.1,4.1,5.1,5.4,4.7,4.7,5.4,4.1,4.2,..,..,..,..
"Death rate, crude (per 1,000 people)",SP.DYN.CDRT.IN,Slovak Republic,SVK,10.2,10.2,10,10,10.2,10.3,10.3,10.1,9.9,9.6,9.8,9.5,9.7,9.9,9.7,9.8,9.7,9.6,9.7,9.7,10,9.9,10,9.9,9.8,9.9,9.6,9.7,9.6,9.5,9.9,9.6,9.9,10,9.8,10.8,..
"Death rate, crude (per 1,000 people)",SP.DYN.CDRT.IN,Slovenia,SVN,10.2,9.9,10,9.6,9.4,9.3,9.7,9.7,10,9.7,9.5,9.4,9.5,9.6,9.5,9.3,9.3,9.4,9.7,9.3,9.4,9.1,9.2,9.1,9.2,9.1,9.1,9.4,9.4,9.2,9.6,9.5,9.9,9.9,9.9,11.4,..
"Death rate, crude (per 1,000 people)",SP.DYN.CDRT.IN,Solomon Islands,SLB,7.151,7.401,6.887,6.755,6.647,6.548,6.461,6.38,6.308,6.224,6.161,6.089,6.041,5.99,5.957,5.939,5.92,5.899,5.884,5.854,5.829,5.797,5.863,5.714,5.713,5.614,5.544,5.468,5.421,5.407,5.26,5.176,5.11,5.052,4.989,5.082,..
"Death rate, crude (per 1,000 people)",SP.DYN.CDRT.IN,Somalia,SOM,17.707,17.646,17.304,20.457,18.337,18.009,40.463,38.55,15.492,15.868,15.753,15.885,16.136,15.806,15.878,15.778,15.702,15.684,15.712,15.711,15.593,15.566,15.542,15.096,14.591,15.358,14.856,13.568,13.129,12.81,12.447,12.275,11.891,11.444,11.041,11.39,..
"Death rate, crude (per 1,000 people)",SP.DYN.CDRT.IN,South Africa,ZAF,8.715,8.517,8.439,8.235,8.162,8.031,8.017,7.944,8.052,8.231,8.382,8.691,8.949,9.335,9.738,10.174,10.871,11.784,12.657,12.947,13.177,13.234,12.973,12.543,11.947,11.257,10.592,9.993,9.77,9.432,9.259,8.924,8.802,8.765,8.614,9.425,..
"Death rate, crude (per 1,000 people)",SP.DYN.CDRT.IN,South Sudan,SSD,30.611,30.275,47.475,74.552,33.879,34.067,33.899,45.705,45.732,20.98,32.71,32.204,30.951,55.947,20.606,18.587,17.833,17.226,15.309,14.651,14.028,13.533,12.916,12.465,12.221,11.68,11.6,11.104,11.136,11.493,11.072,11.01,11.01,10.584,10.531,10.759,..
"Death rate, crude (per 1,000 people)",SP.DYN.CDRT.IN,Spain,ESP,8.1,8,8,8.2,8.4,8.6,8.7,8.5,8.6,8.6,8.7,8.8,8.7,9,9.2,8.9,8.8,8.8,9.1,8.6,8.8,8.3,8.5,8.4,8.3,8.2,8.3,8.6,8.3,8.5,9.1,8.8,9.1,9.1,8.8,10.4,..
"Death rate, crude (per 1,000 people)",SP.DYN.CDRT.IN,Sri Lanka,LKA,5.827,5.738,5.825,5.882,6.649,5.923,6.086,5.88,5.786,5.981,6.343,6.469,6.651,6.799,6.657,8.101,7.958,7.86,7.765,9.451,7.489,7.576,7.631,7.77,8.987,7.369,7.371,7.181,7.092,6.979,6.98,6.896,7.029,7.037,7.072,7.056,..
"Death rate, crude (per 1,000 people)",SP.DYN.CDRT.IN,St. Kitts and Nevis,KNA,10.2,10.5,10.4,10.5,10.9,..,..,10.5,..,..,9.4,11.2,12.3,..,..,..,7.6,10.8,..,..,..,..,..,..,..,..,..,..,..,8.6,..,..,..,..,..,..,..
"Death rate, crude (per 1,000 people)",SP.DYN.CDRT.IN,St. Lucia,LCA,5.943,5.915,6.049,6.07,6.054,6.061,5.999,5.965,5.943,6.095,6.207,6.371,6.556,6.729,6.862,6.98,6.961,6.929,6.901,6.901,6.924,6.95,7.019,7.118,7.237,7.32,7.34,7.479,7.645,7.724,7.706,7.848,7.968,7.976,8.068,8.205,..
"Death rate, crude (per 1,000 people)",SP.DYN.CDRT.IN,St. Martin (French part),MAF,3.402,3.068,2.988,2.785,2.785,2.748,2.448,2.667,2.727,2.803,2.911,3.038,3.184,3.354,3.547,3.63,3.603,3.57,3.546,3.525,3.527,3.542,3.569,3.602,3.652,3.718,3.72,3.847,4.068,3.862,4.257,4.345,4.747,4.176,4.661,4.788,..
"Death rate, crude (per 1,000 people)",SP.DYN.CDRT.IN,St. Vincent and the Grenadines,VCT,6.135,6.119,5.987,5.878,5.75,5.904,5.682,5.885,6.064,6.388,6.385,6.854,7.098,7.06,7.013,7.056,6.848,6.801,6.858,6.649,6.555,6.47,6.319,6.337,6.526,6.916,7.187,7.654,7.98,7.858,8.105,8.385,8.592,8.906,10.1,11.038,..
"Death rate, crude (per 1,000 people)",SP.DYN.CDRT.IN,Sudan,SDN,17.679,14.094,19.307,25.865,15.118,14.831,14.501,17.206,16.68,10.879,13.189,12.94,12.566,14.803,10.337,9.699,9.56,9.34,9.677,10.325,10.065,8.705,8.319,8.381,7.787,7.648,7.541,7.312,7.36,7.143,7.012,6.974,6.728,6.647,6.586,6.67,..
"Death rate, crude (per 1,000 people)",SP.DYN.CDRT.IN,Suriname,SUR,8.403,8.361,8.19,8.014,7.708,7.567,7.432,7.314,7.145,7.004,6.975,6.942,7.077,7.306,7.594,7.801,8.084,8.351,8.64,8.494,8.209,7.954,7.69,7.452,7.197,7.109,7.217,7.418,7.582,7.646,7.215,6.941,6.672,6.753,7.06,7.036,..
"Death rate, crude (per 1,000 people)",SP.DYN.CDRT.IN,Sweden,SWE,11.3,11.1,11.1,11.5,10.8,11.1,11,10.9,11.1,10.5,10.6,10.6,10.6,10.5,10.7,10.5,10.5,10.6,10.4,10.1,10.2,10,10,9.9,9.7,9.6,9.5,9.7,9.4,9.2,9.3,9.2,9.1,9.1,8.6,9.5,..
"Death rate, crude (per 1,000 people)",SP.DYN.CDRT.IN,Switzerland,CHE,9.2,9.2,9.3,9,9.2,9.5,9.2,9.1,9,8.9,9,8.9,8.9,8.8,8.7,8.7,8.5,8.5,8.6,8.1,8.2,8.1,8.1,8,8.1,8,7.8,8,8,7.8,8.2,7.8,7.9,7.9,7.9,8.8,..
"Death rate, crude (per 1,000 people)",SP.DYN.CDRT.IN,Syrian Arab Republic,SYR,5.424,5.215,5.124,4.94,4.851,4.784,4.67,4.574,4.588,4.599,4.503,4.521,4.54,4.575,4.509,4.413,4.157,4.091,3.971,3.986,3.924,3.775,3.67,3.721,3.678,3.701,3.934,6.417,7.696,8.072,7.297,6.999,6.033,5.554,5.033,4.99,..
"Death rate, crude (per 1,000 people)",SP.DYN.CDRT.IN,Tajikistan,TJK,10.375,10.269,10.121,9.859,9.743,9.681,9.804,12.63,13.525,11.096,10.013,9.858,9.058,8.448,7.882,7.54,7.161,6.795,6.476,6.289,6.116,5.958,5.936,5.816,5.75,5.934,5.808,5.7,5.563,5.512,5.43,5.325,5.172,5.014,4.843,6.121,..
"Death rate, crude (per 1,000 people)",SP.DYN.CDRT.IN,Tanzania,TZA,14.974,14.796,14.658,14.484,14.436,14.477,14.502,14.609,14.6,14.491,14.355,14.346,14.459,14.2,13.688,13.251,12.731,12.277,11.682,11.275,10.879,10.522,10.154,9.825,9.41,8.88,8.435,7.992,7.615,7.252,6.959,6.65,6.402,6.177,6.012,6.179,..
"Death rate, crude (per 1,000 people)",SP.DYN.CDRT.IN,Thailand,THA,6.153,5.935,5.665,5.663,5.615,5.602,5.612,5.654,5.695,5.747,5.964,5.818,5.614,5.588,5.822,6.043,6.088,6.138,6.23,6.419,6.323,6.033,6.122,6.189,6.236,6.307,6.393,6.464,6.547,6.627,6.724,6.814,6.897,7.027,7.14,7.264,..
"Death rate, crude (per 1,000 people)",SP.DYN.CDRT.IN,Timor-Leste,TLS,28.543,28.068,26.729,26.634,19.077,18.691,18.434,17.472,16.774,16.121,16.323,15.81,15.372,15.703,17.983,10.187,9.884,9.604,9.342,9.065,8.796,8.504,8.274,8.096,7.987,7.951,7.895,7.747,7.644,7.579,7.549,7.343,7.163,7.012,6.888,6.831,..
"Death rate, crude (per 1,000 people)",SP.DYN.CDRT.IN,Togo,TGO,13.546,13.319,13.076,12.854,12.761,12.707,12.698,12.617,12.603,12.615,12.537,12.428,12.306,12.258,12.044,11.898,11.8,11.526,11.316,11.304,11.071,10.919,10.775,10.663,10.488,10.326,9.98,9.866,9.537,9.438,9.165,9.092,8.803,8.766,8.465,8.417,..
"Death rate, crude (per 1,000 people)",SP.DYN.CDRT.IN,Tonga,TON,6.784,6.828,6.866,6.848,6.841,6.842,6.811,6.811,6.813,6.819,6.827,6.837,6.838,6.819,6.789,6.759,6.737,6.698,6.68,6.648,6.648,6.627,6.588,6.581,6.684,6.605,6.624,6.636,6.686,6.744,6.782,6.817,6.855,6.888,6.909,6.946,..
"Death rate, crude (per 1,000 people)",SP.DYN.CDRT.IN,Trinidad and Tobago,TTO,7.004,6.657,6.651,6.595,6.59,6.694,6.443,6.724,6.559,6.766,6.503,6.659,6.906,6.757,7.287,6.98,6.809,6.505,7.048,6.493,6.543,6.744,6.717,6.983,6.316,6.708,6.618,6.596,6.662,6.739,6.797,7.134,7.386,7.783,7.701,7.9,..
"Death rate, crude (per 1,000 people)",SP.DYN.CDRT.IN,Tunisia,TUN,6.481,6.242,5.97,5.713,5.659,5.5,5.366,5.341,5.171,5.074,4.979,4.887,4.774,4.751,4.725,4.773,4.847,4.863,4.884,4.939,4.937,5.007,5.076,5.169,5.271,5.329,5.441,5.519,5.591,5.715,5.811,5.883,5.974,6.04,6.145,6.752,..
"Death rate, crude (per 1,000 people)",SP.DYN.CDRT.IN,Turkiye,TUR,8.015,7.737,7.484,7.244,7.046,6.841,6.664,6.546,6.414,6.308,6.229,6.081,5.963,5.832,6.002,5.616,5.551,5.464,5.413,5.367,5.35,5.33,5.288,5.292,5.269,5.251,5.44,5.205,5.04,5.046,5.125,5.234,5.129,5.065,5.084,6.378,..
"Death rate, crude (per 1,000 people)",SP.DYN.CDRT.IN,Turkmenistan,TKM,9.318,9.1,8.905,8.66,8.495,8.257,8.064,8.027,7.961,7.866,7.788,7.735,7.637,7.372,7.166,6.949,6.932,6.88,6.797,6.741,6.869,6.769,6.691,6.562,6.418,6.377,6.356,6.379,6.447,6.567,6.53,6.574,6.537,6.639,6.583,6.836,..
"Death rate, crude (per 1,000 people)",SP.DYN.CDRT.IN,Turks and Caicos Islands,TCA,6.3,6.079,5.802,5.675,5.847,6.216,6.22,5.818,5.752,6.21,6.222,5.035,4.671,4.165,4.212,4.463,4.384,3.978,4.095,3.763,3.802,4.108,4.67,4.687,4.849,5.592,6.047,6.157,6.408,6.559,6.833,7.083,7.328,7.651,8.458,8.823,..
"Death rate, crude (per 1,000 people)",SP.DYN.CDRT.IN,Tuvalu,TUV,10.286,10.363,10.464,10.503,10.467,10.413,10.311,11.058,10.005,9.921,9.899,9.922,9.928,9.973,10.039,10.043,10.034,10.007,9.969,9.957,9.902,9.892,9.915,9.935,9.973,9.988,10.021,10.055,10.046,10.098,10.126,10.111,10.082,10.107,10.161,10.188,..
"Death rate, crude (per 1,000 people)",SP.DYN.CDRT.IN,Uganda,UGA,18.874,18.923,18.181,18.113,18.177,18.094,18.005,17.825,17.746,17.534,17.294,17.08,16.728,16.413,15.844,15.297,14.677,14.083,13.434,12.571,11.637,10.77,10.157,9.687,9.229,8.832,8.319,7.843,7.35,6.99,6.648,6.368,6.169,5.939,5.823,5.852,..
"Death rate, crude (per 1,000 people)",SP.DYN.CDRT.IN,Ukraine,UKR,12.135,11.1,11.4,11.6,11.6,12.1,12.9,13.4,14.2,14.7,15.4,15.2,14.9,14.4,14.9,15.4,15.3,15.7,16,16,16.6,16.2,16.4,16.3,15.3,15.2,14.5,14.5,14.6,14.7,14.9,14.7,14.5,14.8,14.7,15.9,..
"Death rate, crude (per 1,000 people)",SP.DYN.CDRT.IN,United Arab Emirates,ARE,3.108,3.058,2.864,2.801,2.745,2.704,2.608,2.598,2.557,2.566,2.559,2.58,2.52,2.473,2.298,2.107,2.047,1.987,1.661,1.613,1.563,1.449,1.229,1.011,0.867,0.795,0.82,0.85,0.896,0.948,1.014,1.102,1.202,1.324,1.471,1.766,..
"Death rate, crude (per 1,000 people)",SP.DYN.CDRT.IN,United Kingdom,GBR,11.9,11.7,11.3,11.4,11.5,11.2,11.3,11,11.4,10.8,11.1,10.9,10.8,10.8,10.8,10.3,10.2,10.2,10.2,9.7,9.6,9.4,9.4,9.4,9,8.9,8.7,8.9,9,8.8,9.2,9.1,9.2,9.2,9,10.4,..
"Death rate, crude (per 1,000 people)",SP.DYN.CDRT.IN,United States,USA,8.7,8.7,8.6,8.9,8.8,8.6,8.6,8.5,8.8,8.8,8.8,8.8,8.7,8.6,8.6,8.5,8.5,8.5,8.4,8.2,8.3,8.1,8,8.1,7.9,7.995,8.073,8.102,8.215,8.237,8.44,8.493,8.638,8.678,8.7,10.3,..
"Death rate, crude (per 1,000 people)",SP.DYN.CDRT.IN,Uruguay,URY,9.423,9.41,9.395,9.395,9.393,9.388,9.395,9.401,9.4,9.39,9.363,9.321,9.269,9.214,9.165,9.124,9.103,9.101,9.111,9.133,9.166,9.206,9.249,9.29,9.332,9.369,9.402,9.434,9.468,9.508,9.559,9.628,9.724,9.863,10.057,9.432,..
"Death rate, crude (per 1,000 people)",SP.DYN.CDRT.IN,Uzbekistan,UZB,7.2,7.1,7,6.9,6.3,6.1,6.2,6.5,6.6,6.6,6.4,6.2,5.8,5.9,5.4,5.5,5.3,5.4,5.3,5,5.4,5.3,5.1,5.1,4.8,4.8,4.9,4.9,4.8,4.9,4.9,4.9,5,4.7,4.6,5.1,..
"Death rate, crude (per 1,000 people)",SP.DYN.CDRT.IN,Vanuatu,VUT,7.68,7.315,7.544,6.893,6.852,6.635,6.406,6.314,6.214,6.095,6.01,5.725,5.675,5.635,5.835,5.512,5.642,5.645,5.673,5.718,5.751,5.793,5.832,5.876,5.93,6.056,6.061,6.072,6.041,6.048,6.001,5.921,5.829,5.739,5.663,5.487,..
"Death rate, crude (per 1,000 people)",SP.DYN.CDRT.IN,"Venezuela, RB",VEN,4.879,4.776,4.811,4.777,4.779,4.753,4.688,4.741,4.745,4.82,4.766,4.835,4.677,4.758,4.982,4.964,5.557,5.01,5.384,5.217,5.189,5.289,5.242,5.6,5.62,5.568,5.649,5.683,5.711,5.971,5.996,6.574,6.735,6.864,7.017,7.575,..
"Death rate, crude (per 1,000 people)",SP.DYN.CDRT.IN,Vietnam,VNM,7.554,7.358,7.19,7.142,6.875,6.816,6.549,6.504,6.228,6.173,5.924,5.893,5.817,5.753,5.729,5.755,5.769,5.8,5.812,5.835,5.865,5.927,5.966,6.066,6.117,6.193,6.195,6.275,6.327,6.373,6.444,6.495,6.577,6.663,6.706,6.169,..
"Death rate, crude (per 1,000 people)",SP.DYN.CDRT.IN,Virgin Islands (U.S.),VIR,5,5,5,4.875,4.75,4.625,4.5,4.5,4.675,4.85,5.025,5.2,5.3,5,5.3,6,5.6,5.7,5.8,5.8,6.1,5.8,6.7,6.7,6.6,6.6,6.6,6.7,6.9,7.1,7.3,7.5,7.7,7.9,8.2,8.4,..
"Death rate, crude (per 1,000 people)",SP.DYN.CDRT.IN,West Bank and Gaza,PSE,..,..,..,..,..,6.72,6.46,6.2,5.94,5.68,5.42,5.16,4.9,4.8,4.6,4.5,4.4,4.3,4.2,4.1,4,3.9,3.675,3.566,3.554,3.484,3.459,3.436,3.309,3.829,3.304,3.302,3.26,3.317,3.225,3.489,..
"Death rate, crude (per 1,000 people)",SP.DYN.CDRT.IN,"Yemen, Rep.",YEM,13.592,14.067,12.484,11.981,11.588,11.198,10.878,10.562,10.236,10.104,9.642,9.343,8.932,8.666,8.306,7.94,7.565,7.203,6.898,6.662,6.413,6.208,5.954,5.77,5.651,5.602,5.554,5.582,5.507,5.566,6.137,6.052,6.082,6.629,6.416,6.509,..
"Death rate, crude (per 1,000 people)",SP.DYN.CDRT.IN,Zambia,ZMB,14.602,15.053,15.438,15.836,16.239,16.597,17.001,17.243,17.315,17.392,17.434,17.483,17.511,17.509,17.4,16.876,16.145,15.292,14.32,13.45,12.659,11.933,11.351,10.67,9.961,9.219,8.763,8.267,7.788,7.408,7.196,6.941,6.809,6.748,6.571,6.602,..
"Death rate, crude (per 1,000 people)",SP.DYN.CDRT.IN,Zimbabwe,ZWE,8.492,8.17,8.117,8.17,8.424,8.747,9.259,9.947,10.829,11.755,12.825,13.755,14.357,15.15,16.301,16.801,19.048,16.953,17.805,16.989,16.82,16.436,16.27,15.604,14.804,13.281,11.857,10.691,9.787,9.123,8.774,8.441,8.266,7.972,8.043,8.132,..
"Death rate, crude (per 1,000 people)",SP.DYN.CDRT.IN,Africa Eastern and Southern,AFE,17.2709323329327,16.7716874800497,16.3449467825335,17.224145717891,15.6406540782482,15.6053387597827,15.8224838028085,16.0772796978922,15.6194055296085,16.2807659084593,14.8200950507174,14.8321153104661,14.6342154835785,15.1479185859315,14.2454433701731,13.7756980933728,13.5923980889675,13.3095890478815,12.9812714657523,12.6284413203686,12.2334892737562,11.731215202071,11.2880673010023,10.8631297240559,10.361905180101,9.93944940849568,9.49932316123333,9.10105039129286,8.77559583403619,8.47589951462709,8.23961908727906,7.97369548695164,7.77341294390762,7.58811002596642,7.43464348818395,7.620547330425,..
"Death rate, crude (per 1,000 people)",SP.DYN.CDRT.IN,Africa Western and Central,AFW,17.9328140101541,17.8180106024575,17.6218511423561,17.3719567783027,17.2013302679002,17.1733099659743,17.1106437864012,17.0061810136889,16.8905706325357,16.9277414493801,16.8024984468257,16.6539925023573,16.4683126164869,16.2328521703044,15.9118015784897,15.562004323077,15.2871599275165,15.0069056553924,14.6594767328923,14.3481043739539,13.983940615008,13.6472352610825,13.3531705711484,13.0872625099774,12.7510675864292,12.492764849511,12.1939338950132,11.9648052153854,11.7304514578138,11.54479793313,11.3524757061357,11.1136353993849,10.9090124903075,10.7118398833043,10.4887479307689,10.6012972524141,..
"Death rate, crude (per 1,000 people)",SP.DYN.CDRT.IN,Arab World,ARB,9.99509260099249,9.33111189023729,9.44390982224332,9.9887695692119,8.63078032331319,8.37194722596308,8.5981281802604,8.46120542836536,7.64349799566039,7.0497961711187,7.12644560408394,6.95405236349267,6.84753002786556,7.00279379464078,6.48496558226998,6.32506372364943,6.21247454060023,6.11731128146867,6.18810499721393,6.2144099559407,6.14085867950435,5.99436834159105,5.8813489301434,5.76297990242594,5.58475415377825,5.54997680937013,5.50163675956184,5.5592977916797,5.6026295857631,5.51941454072581,5.45167048490701,5.40864973985369,5.25335170114035,5.22699181399284,5.19886642116107,5.61610840015073,..
"Death rate, crude (per 1,000 people)",SP.DYN.CDRT.IN,Caribbean small states,CSS,7.52223176128924,7.40419427398579,7.2955061242316,7.23970457365802,7.10869738764132,7.09720657830885,7.05951239806828,7.11517188779982,7.046509316112,7.06648864607428,7.04899319106426,7.06172885948562,7.13653057929528,7.0840775552299,7.14467178874211,7.05068559910481,7.02608607747021,6.96330409727928,7.08266099822566,6.9259163186219,6.85646852876631,6.82800666337222,6.73407865514636,6.75546748098483,6.51531874456333,6.54692152248986,6.46810736725599,6.46799510611942,6.54477593870498,6.71673414394899,6.84914898621814,7.06071970024457,7.1495997668064,7.32340656052467,7.46074089434004,7.65821785808336,..
"Death rate, crude (per 1,000 people)",SP.DYN.CDRT.IN,Central Europe and the Baltics,CEB,11.2973762849856,11.0427294581049,11.1044736409181,10.968745417021,11.0488326950756,11.1751433470436,11.4146375713028,11.4216329738049,11.4844267326696,11.4337373679571,11.4948485633807,11.5200571644401,11.4090142282431,11.2773899337906,11.2557640956203,11.0069233625195,11.0038623624526,11.1644498611445,11.3194437927004,11.1167788912576,11.3449858605434,11.2858738457596,11.3894110866263,11.3721251360797,11.434333580072,11.4294836462092,11.3167231657085,11.4967288607324,11.4105615229753,11.375115818527,11.8380895973408,11.6171630592915,11.9764024346954,12.1174003213682,11.9818000612645,13.6831912936414,..
"Death rate, crude (per 1,000 people)",SP.DYN.CDRT.IN,Early-demographic dividend,EAR,11.0909595725648,10.8157315236391,10.4080651158979,10.1716143649649,9.92128555941057,9.70161107264476,9.52376720423562,9.25797548538807,9.10146591169077,9.17862173495165,8.75997385024945,8.61378494075269,8.43115437693002,8.2612617896448,8.09849688715801,7.97685475619772,7.88550950215598,7.74678352768731,7.66019717734408,7.59871991663269,7.45980747706785,7.33446441394963,7.26625808340881,7.24483332943653,7.1089782501426,7.03473581000227,6.91245514703411,6.81313414430201,6.71719065933621,6.61431718612671,6.53776660643437,6.48913751129226,6.45160594681306,6.44650507605016,6.46334987171193,7.15549242393579,..
"Death rate, crude (per 1,000 people)",SP.DYN.CDRT.IN,East Asia & Pacific,EAS,7.10332342447481,7.11267155034287,7.02270487141244,6.92959850739794,6.81072374748953,6.87832402130087,6.86397184108208,6.80086647635105,6.76566646157183,6.67058122133745,6.76290286471292,6.7218640550674,6.67879439782979,6.67011963520937,6.66944989507547,6.65323320305677,6.62685145568826,6.62968748149214,6.59817832826314,6.67690084702045,6.68650499818268,6.85838797840581,6.94842109826874,7.12992523318425,7.06818801816587,7.11701868253383,7.16151906974689,7.17078472550261,7.16898719639808,7.16424894792705,7.15394416400395,7.16413296030757,7.20397412141663,7.22235863931779,7.24262965540571,7.38373766935123,..
"Death rate, crude (per 1,000 people)",SP.DYN.CDRT.IN,East Asia & Pacific (excluding high income),EAP,7.25815069970798,7.26213319570944,7.11244595034443,7.02920117361127,6.89984408498972,6.9555850419377,6.94142435391116,6.8548395768176,6.80890872902895,6.69379106616701,6.77756779369719,6.7549327186776,6.69253079052833,6.67323557398647,6.64724272629041,6.6413560238912,6.6157023275173,6.58883732066932,6.53307851120164,6.64578223011395,6.62374929711333,6.8227544876221,6.90601292823548,7.08315535135858,7.01826805724626,7.04432441832713,7.06444730832476,7.06442191055383,7.05988885593041,7.04885763461736,7.02345180880301,7.01767457655424,7.0439773880928,7.0508847949898,7.07074455852778,7.22466000365266,..
"Death rate, crude (per 1,000 people)",SP.DYN.CDRT.IN,East Asia & Pacific (IDA & IBRD countries),TEA,7.27839910739875,7.28355071655992,7.13220769832351,7.04847162370925,6.91751538040137,6.9737154273606,6.95881194338902,6.87197349212743,6.8293066351974,6.70441616276612,6.7368849224588,6.71230693907672,6.64735214076802,6.62533584704765,6.59602325904698,6.58765871745684,6.55915521680222,6.52997146058562,6.51544723541727,6.62588599511839,6.5995888840473,6.79689832004714,6.87730106713678,7.05436263869348,6.99366967666507,7.02317722806331,7.04491162027314,7.04674670879021,7.04426928511472,7.03474782649054,7.01016999468568,7.00137674268699,7.02592347361311,7.03018785967619,7.04837272091931,7.2017626552151,..
"Death rate, crude (per 1,000 people)",SP.DYN.CDRT.IN,Euro area,EMU,10.2072593686738,10.0832767767703,9.91918220295623,9.91512404518384,9.92072505407961,10.0095277629367,9.98092517771835,9.82734952842692,9.95423003097262,9.82433508754337,9.84605945872049,9.81992819172788,9.71471317051008,9.78197070062208,9.74297553230307,9.60446886901185,9.48107381212142,9.55558941908873,9.758967546155,9.23125982460319,9.43223867983563,9.23178802007375,9.31910396670468,9.40011983869802,9.41680418682081,9.41947765790736,9.41847847584683,9.70153892991687,9.66413624316004,9.47300363907402,10.0594232011915,9.83997278472571,10.1153876818266,10.1364251344535,10.0449828068361,11.1334854427858,..
"Death rate, crude (per 1,000 people)",SP.DYN.CDRT.IN,Europe & Central Asia,ECS,10.4549047526352,10.0860303342062,10.023242675286,10.0694977556691,10.0069272259526,10.1415242753718,10.2607248523161,10.4264791974162,10.9893692772961,11.0605982690821,11.0153154209301,10.8149778681438,10.6258831997275,10.5205980915641,10.711122396875,10.6922658748863,10.6440560243431,10.8151389305197,10.9293231808811,10.5390114617985,10.7033568481497,10.3870782108553,10.3304523118979,10.3112253328185,10.1426537636399,10.135875938714,9.96007880554867,10.0293453069988,9.921791321707,9.83293054792465,10.1121463365702,9.9545510672186,9.99149670146161,10.0172140452726,9.89759328031188,11.2647514137946,..
"Death rate, crude (per 1,000 people)",SP.DYN.CDRT.IN,Europe & Central Asia (excluding high income),ECA,10.224146481625,9.54281659904093,9.59811681095002,9.73175681102291,9.55517561409643,9.81291942520074,10.0647823162028,10.633980255235,11.784797281081,12.2237621358394,11.9974806840678,11.5759170581466,11.2935973330373,11.0408992370761,11.4942773265228,11.7446039704511,11.7693428950499,12.0679016047656,12.1338539204997,11.8534701120118,12.0434663832944,11.5429973084892,11.3151283057747,11.2011432011195,10.8298763898622,10.8478988668152,10.4997638271321,10.3357824455447,10.1251998353443,10.1529242338588,10.1092082035463,10.0143885520368,9.76936835616718,9.77399973351623,9.65634542586054,11.2465556798455,..
"Death rate, crude (per 1,000 people)",SP.DYN.CDRT.IN,Europe & Central Asia (IDA & IBRD countries),TEC,10.2796265895995,9.67057941141704,9.74668651097866,9.83338349178411,9.68464714627862,9.90381000976908,10.1748111847139,10.6628585081141,11.624308256969,11.9772024246036,11.8086464215961,11.4895444196505,11.2205786638555,10.9763182189241,11.3687839657567,11.5330078422412,11.5608524715644,11.8434516211293,11.9212866091597,11.6528023131726,11.8382301714967,11.4118394860866,11.2339730758381,11.1540349295185,10.8580286558846,10.8649978096218,10.5526396778849,10.4388985221358,10.2488399944736,10.2658176841724,10.2944038545742,10.1840238561183,10.0225215504647,10.0569453787279,9.93468566445502,11.5557632632911,..
"Death rate, crude (per 1,000 people)",SP.DYN.CDRT.IN,European Union,EUU,10.4966617483052,10.3548210683874,10.2488813110154,10.2210570313726,10.2307024775709,10.3262231385991,10.355265763609,10.2390974777061,10.3319506883514,10.1975195169106,10.244134595491,10.2471107523199,10.1375173898114,10.1400580578462,10.1184536244794,9.94636783647683,9.84474033406144,9.93843729328598,10.1176414028741,9.65751076803283,9.8494701673467,9.67583454934919,9.75903747586982,9.81837931582117,9.84643613368633,9.83905922630446,9.81195654932546,10.0675554328384,10.0092990259905,9.85047734064385,10.396667511123,10.1776989457887,10.4615365375869,10.5107373571832,10.4025854012258,11.6104599633568,..
"Death rate, crude (per 1,000 people)",SP.DYN.CDRT.IN,Fragile and conflict affected situations,FCS,16.7137816000851,16.1426761402271,15.8021165528869,16.3120160828464,15.2012734913004,15.1671543950523,15.2973959702742,15.3443236037183,14.9729961268118,14.4216441966992,14.5615728839976,14.4312173640046,14.1688278715071,14.3442815538919,13.6916278221358,13.3079816412613,13.1250005501055,12.8689819521698,12.6486823577796,12.4267493883197,12.1789423823522,11.8379147536486,11.5613037137726,11.4746384207497,10.8922214001729,10.7709488442493,10.354641511735,10.1994021124001,10.0206763085104,9.87697430558541,9.71350357494301,9.55312826746735,9.35717998162577,9.20000977946799,9.04810957789481,9.27105460550124,..
"Death rate, crude (per 1,000 people)",SP.DYN.CDRT.IN,Heavily indebted poor countries (HIPC),HPC,18.8506699798202,18.1451009945791,17.38335117985,17.568773467599,16.6822958053975,16.5927111682835,16.6801922466725,16.5793438459097,15.9914378130858,16.8007116578364,15.2639712789576,15.1137028992024,14.8326838802687,14.8121169059289,14.2529218998811,13.7097286276419,13.3570257513708,12.9901526569075,12.5717689924449,12.2053836546202,11.7838166224268,11.3031051533874,10.9072374347468,10.5328846201619,10.1224459641509,9.94562623049641,9.45167652280895,9.12284424716475,8.8199980895672,8.55539488964869,8.31884042166319,8.05193443664731,7.86010637051552,7.67399800007669,7.50258755200558,7.71060152176083,..
"Death rate, crude (per 1,000 people)",SP.DYN.CDRT.IN,High income,HIC,8.88486402130378,8.8158396367092,8.77688896762355,8.79779674545991,8.76630195025779,8.7626082732458,8.74703205203004,8.66460944451153,8.80465698593696,8.71223314409194,8.77429626774654,8.70971269355873,8.64110652251163,8.62567409524842,8.65457051778457,8.49138200463924,8.43033561244797,8.50412721896359,8.57620531587211,8.26854842204792,8.40714748875944,8.25068002353309,8.27904187844092,8.35400572738544,8.2655407930954,8.31472363911124,8.35388016689277,8.47996712230058,8.49620324447487,8.43678433444981,8.73578060275648,8.68898426514231,8.86638921535479,8.92166405342013,8.87627707572225,9.86301211092248,..
"Death rate, crude (per 1,000 people)",SP.DYN.CDRT.IN,IBRD only,IBD,8.92482013145533,8.73236196523852,8.57140692668601,8.44517984116592,8.2733753671236,8.24614492232354,8.16428936248998,8.09202316816302,8.11316864744437,8.02737675444573,7.96915921275137,7.86067772142944,7.74804711591729,7.66562548125686,7.64346439975101,7.6144469330162,7.56920877100777,7.5312565930851,7.5064022234135,7.48237177153342,7.42497415627597,7.43403274070425,7.42424991206257,7.43164888550839,7.38349942854689,7.35484023315713,7.2883243902904,7.22280438205579,7.15429217318509,7.0907508922114,7.05208421916817,7.02573670153462,7.00819375628701,7.03514028614465,7.05572824455657,7.65201534622951,..
"Death rate, crude (per 1,000 people)",SP.DYN.CDRT.IN,IDA & IBRD total,IBT,10.2043616679162,9.98280547546373,9.79612830496881,9.7286492187283,9.45348061727994,9.40533848604157,9.37013089852219,9.28150889389871,9.25138351680233,9.22156837986743,9.04674132512603,8.94026991223819,8.79515050859841,8.724584217853,8.58115201068121,8.49932306354173,8.42174188709925,8.34555081057337,8.27372447901654,8.20554038209545,8.11987351260789,8.05509820573224,8.00690775312176,7.9900439339611,7.87132077253118,7.81057164135287,7.69591575363591,7.61029880658077,7.52105954721017,7.44092573052941,7.37680485743165,7.31472053021047,7.26347134542726,7.2485888008538,7.23263209772706,7.73291078722258,..
"Death rate, crude (per 1,000 people)",SP.DYN.CDRT.IN,IDA blend,IDB,13.3669203029239,13.3394241303825,13.3036287725082,13.1802208573985,13.0127151198623,12.9178415333696,12.9453621699863,12.9832084942675,12.9900387047447,13.0053411897011,13.037577999716,12.891704786778,12.7604374772736,12.5816542425224,12.2908631297757,12.0396954196572,11.8945284191316,11.6747578045671,11.4737552156256,11.2471628990973,11.1876599140203,10.7824621188823,10.6414419279522,10.4970527111435,10.2868136052946,10.1108023206668,9.92217941827079,9.81921182606601,9.65466283757604,9.57137707537498,9.4610466579961,9.36730012460287,9.23341382929088,9.12258577635997,9.00259945509611,9.18254660125625,..
"Death rate, crude (per 1,000 people)",SP.DYN.CDRT.IN,IDA only,IDX,16.7975388939106,16.2287888157304,15.7418418259296,16.0097161672797,14.9738724246731,14.7577266941276,14.9293322320434,14.5841162248869,14.1443765543366,14.3424239166618,13.3169018658687,13.1682760802663,12.7606441565434,12.7445409303959,11.9278525840722,11.5744383124337,11.2905368618571,11.0185672629391,10.7050377384855,10.4338421249112,10.1395844497138,9.82443453591833,9.58748495318973,9.47658468491876,9.02185363804517,8.83093323059702,8.4945105612205,8.29997783420649,8.13359095915995,7.96103627378147,7.78829854333095,7.5661238808238,7.39343337358157,7.23097018969667,7.09891738481959,7.34441776266236,..
"Death rate, crude (per 1,000 people)",SP.DYN.CDRT.IN,IDA total,IDA,15.6666564233957,15.2729436810458,14.9322310373562,15.0667301707271,14.3181521092193,14.1406314544292,14.2620650996854,14.0456329357371,13.7566679722477,13.8932084252592,13.2229930762287,13.0751546700247,12.7605744637427,12.6895378468375,12.0505498211431,11.7320576041889,11.4956326166672,11.241353442846,10.9656915170647,10.7095475039925,10.4947451591755,10.148955931886,9.94447896345548,9.8225142198452,9.45116585823845,9.26595258863406,8.98006413203573,8.81648693811032,8.65043077729245,8.50778933350237,8.35527362879406,8.17510930759476,8.01391990918297,7.86754390382955,7.73816706140686,7.96047751885752,..
"Death rate, crude (per 1,000 people)",SP.DYN.CDRT.IN,Late-demographic dividend,LTE,7.43544071930083,7.3332094976527,7.22190714630378,7.1733638617698,7.06386884531443,7.16951034829931,7.20794068941509,7.19923184588928,7.35762033729618,7.3450682031759,7.3929359044542,7.30302457632298,7.20370367934086,7.15287329321444,7.19830580248803,7.23948044188498,7.22704959963882,7.25671513698808,7.22450735217332,7.20539013093816,7.24167747918235,7.34743859305292,7.38978854885688,7.45779816072281,7.44707423048074,7.45840888124262,7.4268371323679,7.41788422106937,7.38611655464388,7.37975557494849,7.37203647773981,7.3544935432319,7.3478899216287,7.38596387936146,7.39004067060874,7.72211348113139,..
"Death rate, crude (per 1,000 people)",SP.DYN.CDRT.IN,Latin America & Caribbean,LCN,7.58306983560393,7.34605367902728,7.18286768756568,7.03174064590355,6.91754732902624,6.83328528959071,6.71458285440995,6.61789284926053,6.53119896989889,6.42565221021109,6.37437575721627,6.28947324923128,6.21936690481776,6.19478234046505,6.10757032557725,6.06332338622228,6.04257825487945,5.99073001581498,6.02096793843187,5.97851158312216,5.91909816093374,5.93784397506506,6.00027777491809,6.01130184999037,6.04173080415538,6.24691852880035,6.10909452244694,6.13248918558283,6.13611286310499,6.16459692810671,6.26139387813085,6.4167019093214,6.45456819925209,6.52707299494341,6.57012050661064,7.76545702484399,..
"Death rate, crude (per 1,000 people)",SP.DYN.CDRT.IN,Latin America & Caribbean (excluding high income),LAC,7.78206902005795,7.53112586690824,7.35515916008858,7.1848014206425,7.05330216745457,6.96235642631866,6.84480443113153,6.73685565526231,6.63701873851313,6.52056015594497,6.46006296534037,6.3641855341121,6.30403413431113,6.27042224905291,6.16306553436288,6.12814070829869,6.0691961426806,6.04760798829338,6.05409579765561,6.01512828111654,5.94983881978508,5.965229605403,6.02303848719599,6.01991906426397,6.05160781605002,6.26952271654236,6.115935264567,6.13102986684665,6.13477396718075,6.14660371642514,6.25523298337208,6.39085249575744,6.42035467962947,6.48782671341746,6.52500200265346,7.78634077953752,..
"Death rate, crude (per 1,000 people)",SP.DYN.CDRT.IN,Latin America & the Caribbean (IDA & IBRD countries),TLA,7.61883248306894,7.37044857223992,7.19829941516404,7.03913875500473,6.91815949493749,6.82912150202444,6.70243092396001,6.59824102872118,6.50463357645464,6.39495440092818,6.33775546223599,6.25140865666985,6.18256454308658,6.15804824314482,6.06972460199996,6.02554847949925,6.00300081414889,5.94914556335981,5.97763876927955,5.93051780277427,5.86679506667646,5.88639062428342,5.94813872604167,5.95670349180203,5.98582678670985,6.19479438937053,6.05007418039763,6.07134900847146,6.07388555128079,6.09833546966076,6.19635186637613,6.3467847680837,6.37954669133245,6.45228105587237,6.49478656274427,7.71123571425348,..
"Death rate, crude (per 1,000 people)",SP.DYN.CDRT.IN,Least developed countries: UN classification,LDC,17.6721656420985,17.0827947550936,16.6115630143261,16.9308800618063,15.823928868489,15.6018493315415,15.7704328474525,15.3961199169166,14.8988775645881,15.1098500671957,13.9764830211842,13.823228232764,13.3859349022242,13.3634422671489,12.5049449860921,12.1089495028468,11.8022309700262,11.5058760923047,11.1421065292605,10.8426346375823,10.5236858225461,10.1869656994281,9.93388761776908,9.81474533659877,9.32289205661403,9.10843371854974,8.73589475915302,8.45733090404255,8.24805380473226,8.05576470458177,7.88514158867431,7.65809393055738,7.48845492167518,7.32181703120606,7.19755965090501,7.41817909188736,..
"Death rate, crude (per 1,000 people)",SP.DYN.CDRT.IN,Low & middle income,LMY,10.2087004283367,9.98813803006388,9.79589529437213,9.72988670348603,9.44987005140639,9.40029216610322,9.3607738639179,9.27062255996146,9.24003493858098,9.21495468608729,9.05519935122677,8.9441760763324,8.8017770072527,8.7334418276513,8.58745213871623,8.51130885175544,8.43026937776538,8.35522645432949,8.26395941899428,8.20011372942863,8.11349524467081,8.0491298499609,7.9999510703979,7.98166054454012,7.85839429114836,7.79618549047972,7.68125736147318,7.59154987814195,7.50154440336747,7.41980958944242,7.34991791983594,7.28807620571633,7.23304269385434,7.21604513274457,7.20143663480691,7.68737517544042,..
"Death rate, crude (per 1,000 people)",SP.DYN.CDRT.IN,Low income,LIC,19.1005830991942,18.388820127412,17.8287817268829,18.5627015463327,16.8795096795356,16.8045832247381,16.9332815667693,16.9991723146884,16.2961898747049,16.9323355013292,15.568385344636,15.3994053649579,15.032270082132,15.398159105107,14.3402461354835,13.7316219809151,13.3661577736233,13.0063770056405,12.3939787494391,12.0311774300426,11.6371862491834,11.1482967526285,10.7448789116489,10.3802216223643,9.96337778514598,9.65799352439972,9.32924829745049,9.12297670193487,8.89248457245586,8.67662266813273,8.45014916224129,8.19841645450056,8.00002016235167,7.83203029860649,7.64930346068234,7.80140718878229,..
"Death rate, crude (per 1,000 people)",SP.DYN.CDRT.IN,Lower middle income,LMC,11.6477019084341,11.3676832455648,11.1420327154501,10.9146708860589,10.6622369644815,10.457360154342,10.3300648296223,10.103401686976,9.96782661299589,9.83094739541538,9.68724450856209,9.54390576877883,9.35524391406736,9.17490907294717,8.98038393237438,8.88009199209779,8.75969942335059,8.61004570021544,8.48551933975993,8.42652720123468,8.25748244518241,8.11388681270416,8.04085234146905,8.02161458340402,7.86947689472925,7.77949697541809,7.63497711226132,7.52526256207363,7.41638019693197,7.30158853101181,7.21802644661695,7.14207173364043,7.09224315096444,7.07201927197495,7.07995659950418,7.60249708148355,..
"Death rate, crude (per 1,000 people)",SP.DYN.CDRT.IN,Middle East & North Africa,MEA,8.7338577250987,8.38382924120258,7.9839963603675,7.7517235338182,7.34267544463997,7.2699539795628,6.72257674667573,6.45307394629428,6.29824365652741,6.19447599947929,6.04284648067093,5.88055477525385,5.79940960914352,5.75209717681268,5.61974779230034,5.5187844601639,5.42698006119808,5.34318058780223,5.44709841027927,5.31916984581463,5.26759247318693,5.23544147407393,5.15369973247033,5.09025963812549,5.00538623295922,4.9568575450879,4.91544920313982,5.01041905595595,5.05760936389879,5.00724810955592,4.95607515571741,4.89808570869213,4.77857760361641,4.77304637901421,4.79364854147895,5.28524017337296,..
"Death rate, crude (per 1,000 people)",SP.DYN.CDRT.IN,Middle East & North Africa (excluding high income),MNA,9.08094457185059,8.71796829585067,8.30314709477411,8.07501726380144,7.63328243402843,7.55981159261529,6.96726196632602,6.6959174049916,6.53500849252773,6.43503290882266,6.28177915061817,6.114219855001,6.03044945775029,5.99130472224819,5.85609339722724,5.75844433476385,5.67566504083825,5.59295816572044,5.72493270544758,5.59946211939253,5.5541507442286,5.54142887029085,5.47499966035588,5.4373561136256,5.36993738044202,5.33808939686088,5.30015862838809,5.41530581398219,5.47405058634394,5.41244381643723,5.34609765196713,5.27669626705711,5.13244240738113,5.12610322043675,5.14272312223191,5.65299678779145,..
"Death rate, crude (per 1,000 people)",SP.DYN.CDRT.IN,Middle East & North Africa (IDA & IBRD countries),TMN,9.08094457185059,8.71796829585067,8.30314709477411,8.07501726380143,7.63328243402843,7.56713459449574,6.97176265020427,6.70040737298559,6.54052282689764,6.44220243302113,6.29015946930611,6.12373087731718,6.04200114557814,6.00354824589611,5.86907991590312,5.77153212291355,5.68901076624263,5.6065879300382,5.7411345879715,5.61549466422149,5.57087117450394,5.55920276899564,5.49462027277707,5.45793107786183,5.39005586596873,5.35876485852006,5.32082777623129,5.4376689530081,5.49862034007812,5.43047068078653,5.36942129135211,5.29934916084573,5.15398782753934,5.14709311041241,5.16515372800054,5.67853507678882,..
"Death rate, crude (per 1,000 people)",SP.DYN.CDRT.IN,Middle income,MIC,9.54496787633188,9.35744696124073,9.18932695951189,9.05912395479311,8.88184249629328,8.83075711826625,8.77519680238563,8.66438279852727,8.67839934777784,8.59300994200171,8.52467062674823,8.4112106883087,8.28087451437311,8.16946468048698,8.09422584324826,8.05816703272026,7.99635875277242,7.93965788537436,7.8884911698276,7.84622530746006,7.78265681897928,7.75290619200857,7.73282521708268,7.74423324759464,7.64648131421163,7.60560828824016,7.50980130226154,7.42980147940492,7.35269429461203,7.28359013578894,7.22903723809902,7.18654413814549,7.14614066235576,7.14508087392854,7.14890591378613,7.67375150443967,..
"Death rate, crude (per 1,000 people)",SP.DYN.CDRT.IN,North America,NAC,8.53344487962965,8.55294694452134,8.46222427820421,8.74198946822171,8.65052268569815,8.46993852014625,8.44021132845022,8.34056796465299,8.63094646729421,8.63112587882082,8.64123440687877,8.64120275660943,8.55173689542448,8.46203929187443,8.46245597363501,8.36260924204353,8.3623312989584,8.36203540904655,8.2719351497803,8.09155509438568,8.18173706452562,7.99156760761696,7.91123180319938,8.01106492074777,7.82084655604144,7.89635732709737,7.97619196962139,8.00199326202502,8.11349552438316,8.14309103107449,8.33571232765692,8.3829949253324,8.52282839804625,8.57833768686756,8.58693693719293,10.0733301005421,..
"Death rate, crude (per 1,000 people)",SP.DYN.CDRT.IN,Not classified,INX,..,..,..,..,..,..,..,..,..,..,..,..,..,..,..,..,..,..,..,..,..,..,..,..,..,..,..,..,..,..,..,..,..,..,..,..,..
"Death rate, crude (per 1,000 people)",SP.DYN.CDRT.IN,OECD members,OED,8.71687237367192,8.61774231845994,8.5527839048349,8.55403464835398,8.51823952069986,8.50081711180695,8.46391710529246,8.36170458971716,8.47961098547819,8.3815257294907,8.41497660424544,8.32671175292382,8.25844509342677,8.24001962645178,8.2747433078747,8.11087790265875,8.04865481853549,8.09617490490075,8.15454081885529,7.88167259364719,8.00593981435435,7.88550125787848,7.92651610801471,8.01184867696087,7.94654735674914,7.99973481728091,8.04897945578059,8.15397857656677,8.17219042390938,8.11654072869744,8.40402993909726,8.39041398250278,8.56732045681948,8.63393702563994,8.6040357900025,9.78865613733515,..
"Death rate, crude (per 1,000 people)",SP.DYN.CDRT.IN,Other small states,OSS,11.7749491674372,11.4611431355453,11.2187929785769,11.0773833722516,10.5728968492326,10.5104024480291,10.4840202225908,10.4649850671443,10.4733555362753,10.5651598399659,10.5409886814553,10.5426156380658,10.7205965872081,10.9334361081925,11.1456182343767,10.8906572445998,10.9652632951424,11.0350559645105,11.0413712589512,10.9418770722875,10.8092646515865,10.5216988411221,10.1281773339413,9.79197868953312,9.49401424529385,9.09746159819956,8.83871670499033,8.58319090819753,8.30341534238028,8.06850065232707,7.80532085285567,7.54308755579851,7.34641884801761,7.31840643255236,7.21398472326515,7.4430601837363,..
"Death rate, crude (per 1,000 people)",SP.DYN.CDRT.IN,Pacific island small states,PSS,6.85573242695036,6.83476615933971,6.70783620639532,6.59731367371815,6.52848370466184,6.44231390830397,6.35438173400046,6.28778485726833,6.23517724502799,6.18333294275646,6.12080864075862,6.02029729321502,6.03234523557907,6.0019758695601,5.99281732932256,6.10575320472981,6.13746456992213,6.32545090135378,6.2460295397182,6.24508682310209,6.25964872610876,6.26772660252417,6.35899955915815,6.37368480927767,6.45514523421761,6.34904980060275,6.27192493270396,6.36235471886923,6.43018006381465,6.47293951489559,6.59179180295854,6.5026288831583,6.40255064166894,6.40263152664444,6.44733411570621,6.47048351095201,..
"Death rate, crude (per 1,000 people)",SP.DYN.CDRT.IN,Post-demographic dividend,PST,9.16606321750865,9.05247898188574,9.03678097591219,9.08633536397942,9.05847451374061,9.09143447897619,9.11698722908231,9.11230993816839,9.32075592796142,9.22563373422367,9.32474986992724,9.23801768619531,9.18117044533914,9.14920189110924,9.20341719927204,9.08537989529654,9.02029206378334,9.12903340018027,9.20825908185307,8.88680002319712,9.06686375501555,8.88954320822675,8.92536495974625,9.01506600752289,8.88550439570708,8.95163776728593,8.97625134032338,9.099437328824,9.12802854745823,9.07083793438665,9.38668191198758,9.33040043442566,9.50605479470947,9.56742252730222,9.52223021336474,10.5508408866798,..
"Death rate, crude (per 1,000 people)",SP.DYN.CDRT.IN,Pre-demographic dividend,PRE,17.9066029661025,17.4049786639892,17.7601519191889,18.2812728584699,17.0080375471429,16.9149195514137,17.0598776609899,17.1302716515676,16.6343588973607,15.9164259913348,15.9716809883757,15.8946247230253,15.6605208442137,15.9268100684093,14.9982887772325,14.4999958639874,14.1565020743751,13.8225101217816,13.4301964528428,13.0922197855768,12.6946310023574,12.2949619125552,11.9671392244218,11.6379538088175,11.2368831929157,10.9429449363586,10.6106449961296,10.3245785634319,10.0572102916908,9.82051273517704,9.61285992960515,9.38936007188482,9.16671431045318,8.95816941578612,8.77147621000545,8.92627655047726,..
"Death rate, crude (per 1,000 people)",SP.DYN.CDRT.IN,Small states,SST,10.3739418775064,10.1407319285053,9.93807726662481,9.84590538005005,9.47445527376708,9.43139544850036,9.41608158099957,9.40765215933851,9.4088175385183,9.47461582889233,9.4570225870442,9.44816801039212,9.60435262687913,9.75224283440993,9.92323701716114,9.74261832190083,9.79613418594166,9.8461337217244,9.8886288354029,9.79211326544342,9.69209554234249,9.48463548254719,9.20269481718028,8.97297138679998,8.72075182034067,8.42928756959129,8.22274249444854,8.04537791570113,7.85922132509121,7.71861217691247,7.55793481393767,7.39339403177262,7.25508950434835,7.26478152386321,7.21163619807666,7.42254328469969,..
"Death rate, crude (per 1,000 people)",SP.DYN.CDRT.IN,South Asia,SAS,12.3163933091846,11.9711037320743,11.6959702181341,11.3983625562998,11.1427883292257,10.8261323229673,10.6935685549385,10.3172034105575,10.1038225558956,9.88100345365195,9.68100444642817,9.48809802246999,9.23156234647512,8.96719538961977,8.70095296773726,8.57011556311036,8.41839728186585,8.2381844821657,8.07272385963297,7.9489953730237,7.81695428148891,7.6552713191786,7.59708894339458,7.51303675171427,7.45275778864461,7.3026160932023,7.19983428898067,7.0571088907641,6.92537316552641,6.78303742419074,6.66754010867931,6.58489378746938,6.54460448366084,6.55951308433329,6.59675278285219,7.16652966188531,..
"Death rate, crude (per 1,000 people)",SP.DYN.CDRT.IN,South Asia (IDA & IBRD),TSA,12.3163933091846,11.9711037320743,11.6959702181341,11.3983625562998,11.1427883292257,10.8261323229673,10.6935685549385,10.3172034105575,10.1038225558956,9.88100345365195,9.68100444642817,9.48809802246999,9.23156234647512,8.96719538961977,8.70095296773726,8.57011556311036,8.41839728186585,8.2381844821657,8.07272385963297,7.9489953730237,7.81695428148891,7.6552713191786,7.59708894339458,7.51303675171427,7.45275778864461,7.3026160932023,7.19983428898067,7.0571088907641,6.92537316552641,6.78303742419074,6.66754010867931,6.58489378746938,6.54460448366085,6.55951308433329,6.59675278285219,7.16652966188531,..
"Death rate, crude (per 1,000 people)",SP.DYN.CDRT.IN,Sub-Saharan Africa,SSF,17.5376247368636,17.19252297884,16.8574813160452,17.2834103908315,16.2661213983274,16.2327917388847,16.3374713363896,16.4488508817797,16.1279243003242,16.5395990843972,15.613494548881,15.5612450067216,15.3687017865391,15.582919594474,14.9141368065362,14.4932196279763,14.2739800215648,13.9930125207336,13.6577808106605,13.3224027882997,12.9405927585305,12.5057858003058,12.1232997123338,11.7630314373619,11.3290735469422,10.9735996461329,10.5914001623602,10.2621650129731,9.97352048063989,9.71988347471938,9.50084283981876,9.24578122002927,9.04411261981041,8.85385922177567,8.67177039361128,8.82752287842627,..
"Death rate, crude (per 1,000 people)",SP.DYN.CDRT.IN,Sub-Saharan Africa (excluding high income),SSA,17.5391279299395,17.1938870274878,16.8588446425627,17.2848149637491,16.267245546929,16.2339398892401,16.3386178902758,16.4500261569569,16.1289354730404,16.5407547288497,15.6145953168611,15.5622756593724,15.3696441629583,15.583957012886,14.9151101515432,14.4941496375743,14.2748607631895,13.9937570976869,13.6584139150699,13.3230792374637,12.9411157524374,12.506290999096,12.1237955999368,11.7634662437386,11.3294335395088,10.9739643150551,10.5916604367438,10.2624369961657,9.97370636020994,9.720052885966,9.50102816184038,9.24590419978036,9.04422470920805,8.85389942689067,8.67182016758911,8.82769629171465,..
"Death rate, crude (per 1,000 people)",SP.DYN.CDRT.IN,Sub-Saharan Africa (IDA & IBRD countries),TSS,17.5376247368636,17.19252297884,16.8574813160452,17.2834103908315,16.2661213983274,16.2327917388847,16.3374713363896,16.4488508817797,16.1279243003242,16.5395990843972,15.613494548881,15.5612450067216,15.3687017865391,15.582919594474,14.9141368065362,14.4932196279763,14.2739800215648,13.9930125207336,13.6577808106605,13.3224027882997,12.9405927585305,12.5057858003058,12.1232997123338,11.7630314373619,11.3290735469422,10.9735996461329,10.5914001623602,10.2621650129731,9.97352048063989,9.71988347471938,9.50084283981876,9.24578122002927,9.04411261981041,8.85385922177567,8.67177039361128,8.82752287842627,..
"Death rate, crude (per 1,000 people)",SP.DYN.CDRT.IN,Upper middle income,UMC,7.4166983737057,7.30682510347097,7.18399340074266,7.14095660789995,7.02824026810359,7.12233003767798,7.13512060496783,7.12790769769415,7.29030960104525,7.24961595669875,7.25715879964787,7.16605948565942,7.08986714722042,7.04503369103141,7.09404138719245,7.1213986088532,7.11754502973461,7.1603063170274,7.18770366975659,7.15844512830051,7.21464754656266,7.31713833818511,7.35748620389612,7.40326410672033,7.37002150299628,7.38806765016403,7.35185182087934,7.30847129549627,7.27120358325613,7.2604096251539,7.24331306225806,7.24460459014987,7.2169935749459,7.2418267675733,7.24090003496819,7.7696205282535,..
"Death rate, crude (per 1,000 people)",SP.DYN.CDRT.IN,World,WLD,9.91859359915338,9.73191214020814,9.57363537968507,9.52698276104887,9.29844355538472,9.25910119020953,9.22522271652224,9.13770126839493,9.14037808577074,9.10358082616445,8.98634044304763,8.88490767475954,8.75621419955493,8.69821694173187,8.58531159938213,8.49363386569126,8.41879866389418,8.3681013839694,8.30713826436875,8.19995729103756,8.15249919593479,8.0726239520099,8.03658917991959,8.03557492665675,7.91849637887138,7.87476340928717,7.78582902448801,7.73186731832313,7.6589671590168,7.5812713519177,7.57107579707522,7.51298618687588,7.49496907073386,7.48861859677975,7.46806116291344,8.03210175657131,..
,,,,,,,,,,,,,,,,,,,,,,,,,,,,,,,,,,,,,,,,
,,,,,,,,,,,,,,,,,,,,,,,,,,,,,,,,,,,,,,,,
,,,,,,,,,,,,,,,,,,,,,,,,,,,,,,,,,,,,,,,,
Data from database: World Development Indicators,,,,,,,,,,,,,,,,,,,,,,,,,,,,,,,,,,,,,,,,
Last Updated: 12/22/2022,,,,,,,,,,,,,,,,,,,,,,,,,,,,,,,,,,,,,,,,
